Rep,Bloc,Trt,Strain,Time,Survival,Mortality
AllB1,B1,B,All,1,9,10
AllB1,B1,B,All,2,9,10
AllB1,B1,B,All,3,9,10
AllB1,B1,B,All,4,9,10
AllB1,B1,B,All,5,9,10
AllB1,B1,B,All,6,9,10
AllB1,B1,B,All,7,9,10
AllB1,B1,B,All,8,9,10
AllB1,B1,B,All,9,9,10
AllB1,B1,B,All,10,9,10
AllB1,B1,B,All,11,9,10
AllB1,B1,B,All,12,9,10
AllB1,B1,B,All,13,9,10
AllB1,B1,B,All,14,9,10
AllB1,B1,B,All,0,10,0
AllB10,B10,B,All,1,10,0
AllB10,B10,B,All,2,10,0
AllB10,B10,B,All,3,10,0
AllB10,B10,B,All,4,9,10
AllB10,B10,B,All,5,9,10
AllB10,B10,B,All,6,9,10
AllB10,B10,B,All,7,9,10
AllB10,B10,B,All,8,9,10
AllB10,B10,B,All,9,9,10
AllB10,B10,B,All,10,9,10
AllB10,B10,B,All,11,9,10
AllB10,B10,B,All,12,9,10
AllB10,B10,B,All,13,9,10
AllB10,B10,B,All,14,9,10
AllB10,B10,B,All,0,10,0
AllB2,B2,B,All,1,9,10
AllB2,B2,B,All,2,9,10
AllB2,B2,B,All,3,9,10
AllB2,B2,B,All,4,9,10
AllB2,B2,B,All,5,9,10
AllB2,B2,B,All,6,9,10
AllB2,B2,B,All,7,9,10
AllB2,B2,B,All,8,9,10
AllB2,B2,B,All,9,9,10
AllB2,B2,B,All,10,9,10
AllB2,B2,B,All,11,9,10
AllB2,B2,B,All,12,8,20
AllB2,B2,B,All,13,8,20
AllB2,B2,B,All,14,8,20
AllB2,B2,B,All,0,10,0
AllB3,B3,B,All,1,10,0
AllB3,B3,B,All,2,10,0
AllB3,B3,B,All,3,9,10
AllB3,B3,B,All,4,9,10
AllB3,B3,B,All,5,9,10
AllB3,B3,B,All,6,9,10
AllB3,B3,B,All,7,9,10
AllB3,B3,B,All,8,9,10
AllB3,B3,B,All,9,9,10
AllB3,B3,B,All,10,9,10
AllB3,B3,B,All,11,9,10
AllB3,B3,B,All,12,9,10
AllB3,B3,B,All,13,9,10
AllB3,B3,B,All,14,9,10
AllB3,B3,B,All,0,10,0
AllB4,B4,B,All,1,9,10
AllB4,B4,B,All,2,9,10
AllB4,B4,B,All,3,9,10
AllB4,B4,B,All,4,9,10
AllB4,B4,B,All,5,9,10
AllB4,B4,B,All,6,9,10
AllB4,B4,B,All,7,9,10
AllB4,B4,B,All,8,9,10
AllB4,B4,B,All,9,9,10
AllB4,B4,B,All,10,9,10
AllB4,B4,B,All,11,9,10
AllB4,B4,B,All,12,9,10
AllB4,B4,B,All,13,8,20
AllB4,B4,B,All,14,8,20
AllB4,B4,B,All,0,10,0
AllB5,B5,B,All,1,10,0
AllB5,B5,B,All,2,10,0
AllB5,B5,B,All,3,10,0
AllB5,B5,B,All,4,10,0
AllB5,B5,B,All,5,10,0
AllB5,B5,B,All,6,10,0
AllB5,B5,B,All,7,10,0
AllB5,B5,B,All,8,10,0
AllB5,B5,B,All,9,10,0
AllB5,B5,B,All,10,10,0
AllB5,B5,B,All,11,10,0
AllB5,B5,B,All,12,10,0
AllB5,B5,B,All,13,10,0
AllB5,B5,B,All,14,10,0
AllB5,B5,B,All,0,10,0
AllB6,B6,B,All,1,9,10
AllB6,B6,B,All,2,9,10
AllB6,B6,B,All,3,9,10
AllB6,B6,B,All,4,9,10
AllB6,B6,B,All,5,9,10
AllB6,B6,B,All,6,8,20
AllB6,B6,B,All,7,8,20
AllB6,B6,B,All,8,8,20
AllB6,B6,B,All,9,8,20
AllB6,B6,B,All,10,8,20
AllB6,B6,B,All,11,8,20
AllB6,B6,B,All,12,8,20
AllB6,B6,B,All,13,8,20
AllB6,B6,B,All,14,8,20
AllB6,B6,B,All,0,10,0
AllB7,B7,B,All,1,10,0
AllB7,B7,B,All,2,10,0
AllB7,B7,B,All,3,10,0
AllB7,B7,B,All,4,10,0
AllB7,B7,B,All,5,10,0
AllB7,B7,B,All,6,10,0
AllB7,B7,B,All,7,10,0
AllB7,B7,B,All,8,10,0
AllB7,B7,B,All,9,10,0
AllB7,B7,B,All,10,9,10
AllB7,B7,B,All,11,9,10
AllB7,B7,B,All,12,9,10
AllB7,B7,B,All,13,8,20
AllB7,B7,B,All,14,8,20
AllB7,B7,B,All,0,10,0
AllB8,B8,B,All,1,9,10
AllB8,B8,B,All,2,8,20
AllB8,B8,B,All,3,8,20
AllB8,B8,B,All,4,8,20
AllB8,B8,B,All,5,8,20
AllB8,B8,B,All,6,8,20
AllB8,B8,B,All,7,8,20
AllB8,B8,B,All,8,8,20
AllB8,B8,B,All,9,8,20
AllB8,B8,B,All,10,7,30
AllB8,B8,B,All,11,6,40
AllB8,B8,B,All,12,6,40
AllB8,B8,B,All,13,6,40
AllB8,B8,B,All,14,6,40
AllB8,B8,B,All,0,10,0
AllB9,B9,B,All,1,10,0
AllB9,B9,B,All,2,10,0
AllB9,B9,B,All,3,10,0
AllB9,B9,B,All,4,10,0
AllB9,B9,B,All,5,10,0
AllB9,B9,B,All,6,10,0
AllB9,B9,B,All,7,10,0
AllB9,B9,B,All,8,10,0
AllB9,B9,B,All,9,10,0
AllB9,B9,B,All,10,9,10
AllB9,B9,B,All,11,9,10
AllB9,B9,B,All,12,8,20
AllB9,B9,B,All,13,8,20
AllB9,B9,B,All,14,8,20
AllB9,B9,B,All,0,10,0
AllC1,B1,C,All,1,10,0
AllC1,B1,C,All,2,10,0
AllC1,B1,C,All,3,10,0
AllC1,B1,C,All,4,10,0
AllC1,B1,C,All,5,10,0
AllC1,B1,C,All,6,10,0
AllC1,B1,C,All,7,10,0
AllC1,B1,C,All,8,10,0
AllC1,B1,C,All,9,10,0
AllC1,B1,C,All,10,10,0
AllC1,B1,C,All,11,10,0
AllC1,B1,C,All,12,10,0
AllC1,B1,C,All,13,10,0
AllC1,B1,C,All,14,10,0
AllC1,B1,C,All,0,10,0
AllC10,B10,C,All,1,10,0
AllC10,B10,C,All,2,10,0
AllC10,B10,C,All,3,10,0
AllC10,B10,C,All,4,10,0
AllC10,B10,C,All,5,10,0
AllC10,B10,C,All,6,10,0
AllC10,B10,C,All,7,10,0
AllC10,B10,C,All,8,10,0
AllC10,B10,C,All,9,9,10
AllC10,B10,C,All,10,9,10
AllC10,B10,C,All,11,9,10
AllC10,B10,C,All,12,9,10
AllC10,B10,C,All,13,9,10
AllC10,B10,C,All,14,9,10
AllC10,B10,C,All,0,10,0
AllC2,B2,C,All,1,10,0
AllC2,B2,C,All,2,10,0
AllC2,B2,C,All,3,10,0
AllC2,B2,C,All,4,10,0
AllC2,B2,C,All,5,10,0
AllC2,B2,C,All,6,10,0
AllC2,B2,C,All,7,10,0
AllC2,B2,C,All,8,10,0
AllC2,B2,C,All,9,10,0
AllC2,B2,C,All,10,10,0
AllC2,B2,C,All,11,10,0
AllC2,B2,C,All,12,10,0
AllC2,B2,C,All,13,10,0
AllC2,B2,C,All,14,10,0
AllC2,B2,C,All,0,10,0
AllC3,B3,C,All,1,10,0
AllC3,B3,C,All,2,10,0
AllC3,B3,C,All,3,10,0
AllC3,B3,C,All,4,10,0
AllC3,B3,C,All,5,10,0
AllC3,B3,C,All,6,10,0
AllC3,B3,C,All,7,10,0
AllC3,B3,C,All,8,10,0
AllC3,B3,C,All,9,10,0
AllC3,B3,C,All,10,10,0
AllC3,B3,C,All,11,10,0
AllC3,B3,C,All,12,10,0
AllC3,B3,C,All,13,10,0
AllC3,B3,C,All,14,10,0
AllC3,B3,C,All,0,10,0
AllC4,B4,C,All,1,10,0
AllC4,B4,C,All,2,10,0
AllC4,B4,C,All,3,10,0
AllC4,B4,C,All,4,10,0
AllC4,B4,C,All,5,10,0
AllC4,B4,C,All,6,10,0
AllC4,B4,C,All,7,10,0
AllC4,B4,C,All,8,10,0
AllC4,B4,C,All,9,10,0
AllC4,B4,C,All,10,10,0
AllC4,B4,C,All,11,10,0
AllC4,B4,C,All,12,10,0
AllC4,B4,C,All,13,9,10
AllC4,B4,C,All,14,9,10
AllC4,B4,C,All,0,10,0
AllC5,B5,C,All,1,10,0
AllC5,B5,C,All,2,10,0
AllC5,B5,C,All,3,10,0
AllC5,B5,C,All,4,10,0
AllC5,B5,C,All,5,10,0
AllC5,B5,C,All,6,10,0
AllC5,B5,C,All,7,10,0
AllC5,B5,C,All,8,10,0
AllC5,B5,C,All,9,10,0
AllC5,B5,C,All,10,10,0
AllC5,B5,C,All,11,10,0
AllC5,B5,C,All,12,10,0
AllC5,B5,C,All,13,10,0
AllC5,B5,C,All,14,10,0
AllC5,B5,C,All,0,10,0
AllC6,B6,C,All,1,10,0
AllC6,B6,C,All,2,10,0
AllC6,B6,C,All,3,10,0
AllC6,B6,C,All,4,10,0
AllC6,B6,C,All,5,10,0
AllC6,B6,C,All,6,10,0
AllC6,B6,C,All,7,10,0
AllC6,B6,C,All,8,10,0
AllC6,B6,C,All,9,10,0
AllC6,B6,C,All,10,8,20
AllC6,B6,C,All,11,8,20
AllC6,B6,C,All,12,8,20
AllC6,B6,C,All,13,8,20
AllC6,B6,C,All,14,8,20
AllC6,B6,C,All,0,10,0
AllC7,B7,C,All,1,10,0
AllC7,B7,C,All,2,10,0
AllC7,B7,C,All,3,10,0
AllC7,B7,C,All,4,10,0
AllC7,B7,C,All,5,10,0
AllC7,B7,C,All,6,10,0
AllC7,B7,C,All,7,10,0
AllC7,B7,C,All,8,9,10
AllC7,B7,C,All,9,9,10
AllC7,B7,C,All,10,9,10
AllC7,B7,C,All,11,9,10
AllC7,B7,C,All,12,9,10
AllC7,B7,C,All,13,9,10
AllC7,B7,C,All,14,9,10
AllC7,B7,C,All,0,10,0
AllC8,B8,C,All,1,9,10
AllC8,B8,C,All,2,9,10
AllC8,B8,C,All,3,9,10
AllC8,B8,C,All,4,9,10
AllC8,B8,C,All,5,9,10
AllC8,B8,C,All,6,9,10
AllC8,B8,C,All,7,9,10
AllC8,B8,C,All,8,9,10
AllC8,B8,C,All,9,9,10
AllC8,B8,C,All,10,9,10
AllC8,B8,C,All,11,8,20
AllC8,B8,C,All,12,8,20
AllC8,B8,C,All,13,8,20
AllC8,B8,C,All,14,8,20
AllC8,B8,C,All,0,10,0
AllC9,B9,C,All,1,10,0
AllC9,B9,C,All,2,10,0
AllC9,B9,C,All,3,10,0
AllC9,B9,C,All,4,10,0
AllC9,B9,C,All,5,10,0
AllC9,B9,C,All,6,10,0
AllC9,B9,C,All,7,10,0
AllC9,B9,C,All,8,10,0
AllC9,B9,C,All,9,10,0
AllC9,B9,C,All,10,10,0
AllC9,B9,C,All,11,10,0
AllC9,B9,C,All,12,10,0
AllC9,B9,C,All,13,10,0
AllC9,B9,C,All,14,10,0
AllC9,B9,C,All,0,10,0
EspB1,B1,B,Esp,1,10,0
EspB1,B1,B,Esp,2,10,0
EspB1,B1,B,Esp,3,9,10
EspB1,B1,B,Esp,4,9,10
EspB1,B1,B,Esp,5,9,10
EspB1,B1,B,Esp,6,9,10
EspB1,B1,B,Esp,7,9,10
EspB1,B1,B,Esp,8,9,10
EspB1,B1,B,Esp,9,9,10
EspB1,B1,B,Esp,10,9,10
EspB1,B1,B,Esp,11,9,10
EspB1,B1,B,Esp,12,9,10
EspB1,B1,B,Esp,13,9,10
EspB1,B1,B,Esp,14,9,10
EspB1,B1,B,Esp,0,10,0
EspB10,B10,B,Esp,1,9,10
EspB10,B10,B,Esp,2,9,10
EspB10,B10,B,Esp,3,9,10
EspB10,B10,B,Esp,4,9,10
EspB10,B10,B,Esp,5,9,10
EspB10,B10,B,Esp,6,9,10
EspB10,B10,B,Esp,7,9,10
EspB10,B10,B,Esp,8,9,10
EspB10,B10,B,Esp,9,9,10
EspB10,B10,B,Esp,10,8,20
EspB10,B10,B,Esp,11,8,20
EspB10,B10,B,Esp,12,8,20
EspB10,B10,B,Esp,13,8,20
EspB10,B10,B,Esp,14,8,20
EspB10,B10,B,Esp,0,10,0
EspB2,B2,B,Esp,1,10,0
EspB2,B2,B,Esp,2,10,0
EspB2,B2,B,Esp,3,10,0
EspB2,B2,B,Esp,4,10,0
EspB2,B2,B,Esp,5,10,0
EspB2,B2,B,Esp,6,10,0
EspB2,B2,B,Esp,7,9,10
EspB2,B2,B,Esp,8,9,10
EspB2,B2,B,Esp,9,9,10
EspB2,B2,B,Esp,10,9,10
EspB2,B2,B,Esp,11,9,10
EspB2,B2,B,Esp,12,9,10
EspB2,B2,B,Esp,13,8,20
EspB2,B2,B,Esp,14,8,20
EspB2,B2,B,Esp,0,10,0
EspB3,B3,B,Esp,1,8,20
EspB3,B3,B,Esp,2,8,20
EspB3,B3,B,Esp,3,8,20
EspB3,B3,B,Esp,4,8,20
EspB3,B3,B,Esp,5,8,20
EspB3,B3,B,Esp,6,8,20
EspB3,B3,B,Esp,7,8,20
EspB3,B3,B,Esp,8,8,20
EspB3,B3,B,Esp,9,7,30
EspB3,B3,B,Esp,10,6,40
EspB3,B3,B,Esp,11,6,40
EspB3,B3,B,Esp,12,6,40
EspB3,B3,B,Esp,13,6,40
EspB3,B3,B,Esp,14,6,40
EspB3,B3,B,Esp,0,10,0
EspB4,B4,B,Esp,1,9,10
EspB4,B4,B,Esp,2,9,10
EspB4,B4,B,Esp,3,9,10
EspB4,B4,B,Esp,4,8,20
EspB4,B4,B,Esp,5,8,20
EspB4,B4,B,Esp,6,8,20
EspB4,B4,B,Esp,7,8,20
EspB4,B4,B,Esp,8,8,20
EspB4,B4,B,Esp,9,8,20
EspB4,B4,B,Esp,10,8,20
EspB4,B4,B,Esp,11,8,20
EspB4,B4,B,Esp,12,8,20
EspB4,B4,B,Esp,13,8,20
EspB4,B4,B,Esp,14,8,20
EspB4,B4,B,Esp,0,10,0
EspB5,B5,B,Esp,1,9,10
EspB5,B5,B,Esp,2,9,10
EspB5,B5,B,Esp,3,9,10
EspB5,B5,B,Esp,4,9,10
EspB5,B5,B,Esp,5,9,10
EspB5,B5,B,Esp,6,9,10
EspB5,B5,B,Esp,7,9,10
EspB5,B5,B,Esp,8,9,10
EspB5,B5,B,Esp,9,9,10
EspB5,B5,B,Esp,10,9,10
EspB5,B5,B,Esp,11,8,20
EspB5,B5,B,Esp,12,8,20
EspB5,B5,B,Esp,13,7,30
EspB5,B5,B,Esp,14,7,30
EspB5,B5,B,Esp,0,10,0
EspB6,B6,B,Esp,1,10,0
EspB6,B6,B,Esp,2,10,0
EspB6,B6,B,Esp,3,10,0
EspB6,B6,B,Esp,4,10,0
EspB6,B6,B,Esp,5,10,0
EspB6,B6,B,Esp,6,10,0
EspB6,B6,B,Esp,7,10,0
EspB6,B6,B,Esp,8,10,0
EspB6,B6,B,Esp,9,10,0
EspB6,B6,B,Esp,10,10,0
EspB6,B6,B,Esp,11,10,0
EspB6,B6,B,Esp,12,10,0
EspB6,B6,B,Esp,13,10,0
EspB6,B6,B,Esp,14,10,0
EspB6,B6,B,Esp,0,10,0
EspB7,B7,B,Esp,1,9,10
EspB7,B7,B,Esp,2,9,10
EspB7,B7,B,Esp,3,8,20
EspB7,B7,B,Esp,4,8,20
EspB7,B7,B,Esp,5,8,20
EspB7,B7,B,Esp,6,8,20
EspB7,B7,B,Esp,7,8,20
EspB7,B7,B,Esp,8,8,20
EspB7,B7,B,Esp,9,8,20
EspB7,B7,B,Esp,10,8,20
EspB7,B7,B,Esp,11,8,20
EspB7,B7,B,Esp,12,8,20
EspB7,B7,B,Esp,13,8,20
EspB7,B7,B,Esp,14,8,20
EspB7,B7,B,Esp,0,10,0
EspB8,B8,B,Esp,1,8,20
EspB8,B8,B,Esp,2,7,30
EspB8,B8,B,Esp,3,7,30
EspB8,B8,B,Esp,4,7,30
EspB8,B8,B,Esp,5,7,30
EspB8,B8,B,Esp,6,6,40
EspB8,B8,B,Esp,7,6,40
EspB8,B8,B,Esp,8,6,40
EspB8,B8,B,Esp,9,5,50
EspB8,B8,B,Esp,10,3,70
EspB8,B8,B,Esp,11,3,70
EspB8,B8,B,Esp,12,3,70
EspB8,B8,B,Esp,13,3,70
EspB8,B8,B,Esp,14,3,70
EspB8,B8,B,Esp,0,10,0
EspB9,B9,B,Esp,1,6,40
EspB9,B9,B,Esp,2,6,40
EspB9,B9,B,Esp,3,6,40
EspB9,B9,B,Esp,4,5,50
EspB9,B9,B,Esp,5,5,50
EspB9,B9,B,Esp,6,5,50
EspB9,B9,B,Esp,7,5,50
EspB9,B9,B,Esp,8,5,50
EspB9,B9,B,Esp,9,5,50
EspB9,B9,B,Esp,10,5,50
EspB9,B9,B,Esp,11,4,60
EspB9,B9,B,Esp,12,3,70
EspB9,B9,B,Esp,13,3,70
EspB9,B9,B,Esp,14,3,70
EspB9,B9,B,Esp,0,10,0
EspC1,B1,C,Esp,1,10,0
EspC1,B1,C,Esp,2,10,0
EspC1,B1,C,Esp,3,10,0
EspC1,B1,C,Esp,4,10,0
EspC1,B1,C,Esp,5,10,0
EspC1,B1,C,Esp,6,10,0
EspC1,B1,C,Esp,7,10,0
EspC1,B1,C,Esp,8,10,0
EspC1,B1,C,Esp,9,10,0
EspC1,B1,C,Esp,10,10,0
EspC1,B1,C,Esp,11,10,0
EspC1,B1,C,Esp,12,10,0
EspC1,B1,C,Esp,13,10,0
EspC1,B1,C,Esp,14,10,0
EspC1,B1,C,Esp,0,10,0
EspC10,B10,C,Esp,1,10,0
EspC10,B10,C,Esp,2,10,0
EspC10,B10,C,Esp,3,10,0
EspC10,B10,C,Esp,4,10,0
EspC10,B10,C,Esp,5,10,0
EspC10,B10,C,Esp,6,10,0
EspC10,B10,C,Esp,7,10,0
EspC10,B10,C,Esp,8,10,0
EspC10,B10,C,Esp,9,10,0
EspC10,B10,C,Esp,10,9,10
EspC10,B10,C,Esp,11,9,10
EspC10,B10,C,Esp,12,8,20
EspC10,B10,C,Esp,13,8,20
EspC10,B10,C,Esp,14,7,30
EspC10,B10,C,Esp,0,10,0
EspC2,B2,C,Esp,1,10,0
EspC2,B2,C,Esp,2,10,0
EspC2,B2,C,Esp,3,10,0
EspC2,B2,C,Esp,4,10,0
EspC2,B2,C,Esp,5,10,0
EspC2,B2,C,Esp,6,10,0
EspC2,B2,C,Esp,7,10,0
EspC2,B2,C,Esp,8,10,0
EspC2,B2,C,Esp,9,10,0
EspC2,B2,C,Esp,10,10,0
EspC2,B2,C,Esp,11,10,0
EspC2,B2,C,Esp,12,10,0
EspC2,B2,C,Esp,13,10,0
EspC2,B2,C,Esp,14,10,0
EspC2,B2,C,Esp,0,10,0
EspC3,B3,C,Esp,1,9,10
EspC3,B3,C,Esp,2,9,10
EspC3,B3,C,Esp,3,9,10
EspC3,B3,C,Esp,4,9,10
EspC3,B3,C,Esp,5,8,20
EspC3,B3,C,Esp,6,8,20
EspC3,B3,C,Esp,7,8,20
EspC3,B3,C,Esp,8,8,20
EspC3,B3,C,Esp,9,8,20
EspC3,B3,C,Esp,10,8,20
EspC3,B3,C,Esp,11,8,20
EspC3,B3,C,Esp,12,8,20
EspC3,B3,C,Esp,13,8,20
EspC3,B3,C,Esp,14,8,20
EspC3,B3,C,Esp,0,10,0
EspC4,B4,C,Esp,1,10,0
EspC4,B4,C,Esp,2,10,0
EspC4,B4,C,Esp,3,10,0
EspC4,B4,C,Esp,4,10,0
EspC4,B4,C,Esp,5,10,0
EspC4,B4,C,Esp,6,10,0
EspC4,B4,C,Esp,7,10,0
EspC4,B4,C,Esp,8,9,10
EspC4,B4,C,Esp,9,9,10
EspC4,B4,C,Esp,10,9,10
EspC4,B4,C,Esp,11,9,10
EspC4,B4,C,Esp,12,9,10
EspC4,B4,C,Esp,13,9,10
EspC4,B4,C,Esp,14,9,10
EspC4,B4,C,Esp,0,10,0
EspC5,B5,C,Esp,1,10,0
EspC5,B5,C,Esp,2,10,0
EspC5,B5,C,Esp,3,10,0
EspC5,B5,C,Esp,4,10,0
EspC5,B5,C,Esp,5,10,0
EspC5,B5,C,Esp,6,10,0
EspC5,B5,C,Esp,7,10,0
EspC5,B5,C,Esp,8,10,0
EspC5,B5,C,Esp,9,10,0
EspC5,B5,C,Esp,10,10,0
EspC5,B5,C,Esp,11,10,0
EspC5,B5,C,Esp,12,10,0
EspC5,B5,C,Esp,13,10,0
EspC5,B5,C,Esp,14,10,0
EspC5,B5,C,Esp,0,10,0
EspC6,B6,C,Esp,1,10,0
EspC6,B6,C,Esp,2,10,0
EspC6,B6,C,Esp,3,10,0
EspC6,B6,C,Esp,4,10,0
EspC6,B6,C,Esp,5,10,0
EspC6,B6,C,Esp,6,10,0
EspC6,B6,C,Esp,7,10,0
EspC6,B6,C,Esp,8,10,0
EspC6,B6,C,Esp,9,10,0
EspC6,B6,C,Esp,10,10,0
EspC6,B6,C,Esp,11,10,0
EspC6,B6,C,Esp,12,10,0
EspC6,B6,C,Esp,13,10,0
EspC6,B6,C,Esp,14,10,0
EspC6,B6,C,Esp,0,10,0
EspC7,B7,C,Esp,1,9,10
EspC7,B7,C,Esp,2,9,10
EspC7,B7,C,Esp,3,9,10
EspC7,B7,C,Esp,4,9,10
EspC7,B7,C,Esp,5,9,10
EspC7,B7,C,Esp,6,9,10
EspC7,B7,C,Esp,7,9,10
EspC7,B7,C,Esp,8,8,20
EspC7,B7,C,Esp,9,8,20
EspC7,B7,C,Esp,10,8,20
EspC7,B7,C,Esp,11,8,20
EspC7,B7,C,Esp,12,8,20
EspC7,B7,C,Esp,13,8,20
EspC7,B7,C,Esp,14,8,20
EspC7,B7,C,Esp,0,10,0
EspC8,B8,C,Esp,1,9,10
EspC8,B8,C,Esp,2,9,10
EspC8,B8,C,Esp,3,9,10
EspC8,B8,C,Esp,4,9,10
EspC8,B8,C,Esp,5,9,10
EspC8,B8,C,Esp,6,8,20
EspC8,B8,C,Esp,7,8,20
EspC8,B8,C,Esp,8,8,20
EspC8,B8,C,Esp,9,8,20
EspC8,B8,C,Esp,10,8,20
EspC8,B8,C,Esp,11,8,20
EspC8,B8,C,Esp,12,8,20
EspC8,B8,C,Esp,13,8,20
EspC8,B8,C,Esp,14,8,20
EspC8,B8,C,Esp,0,10,0
EspC9,B9,C,Esp,1,10,0
EspC9,B9,C,Esp,2,8,20
EspC9,B9,C,Esp,3,8,20
EspC9,B9,C,Esp,4,8,20
EspC9,B9,C,Esp,5,8,20
EspC9,B9,C,Esp,6,8,20
EspC9,B9,C,Esp,7,8,20
EspC9,B9,C,Esp,8,8,20
EspC9,B9,C,Esp,9,8,20
EspC9,B9,C,Esp,10,8,20
EspC9,B9,C,Esp,11,8,20
EspC9,B9,C,Esp,12,8,20
EspC9,B9,C,Esp,13,8,20
EspC9,B9,C,Esp,14,7,30
EspC9,B9,C,Esp,0,10,0
FraB1,B1,B,Fra,1,10,0
FraB1,B1,B,Fra,2,10,0
FraB1,B1,B,Fra,3,10,0
FraB1,B1,B,Fra,4,10,0
FraB1,B1,B,Fra,5,10,0
FraB1,B1,B,Fra,6,10,0
FraB1,B1,B,Fra,7,10,0
FraB1,B1,B,Fra,8,10,0
FraB1,B1,B,Fra,9,10,0
FraB1,B1,B,Fra,10,10,0
FraB1,B1,B,Fra,11,10,0
FraB1,B1,B,Fra,12,10,0
FraB1,B1,B,Fra,13,10,0
FraB1,B1,B,Fra,14,10,0
FraB1,B1,B,Fra,0,10,0
FraB10,B10,B,Fra,1,8,20
FraB10,B10,B,Fra,2,8,20
FraB10,B10,B,Fra,3,8,20
FraB10,B10,B,Fra,4,7,30
FraB10,B10,B,Fra,5,7,30
FraB10,B10,B,Fra,6,7,30
FraB10,B10,B,Fra,7,7,30
FraB10,B10,B,Fra,8,7,30
FraB10,B10,B,Fra,9,7,30
FraB10,B10,B,Fra,10,7,30
FraB10,B10,B,Fra,11,7,30
FraB10,B10,B,Fra,12,7,30
FraB10,B10,B,Fra,13,7,30
FraB10,B10,B,Fra,14,7,30
FraB10,B10,B,Fra,0,10,0
FraB2,B2,B,Fra,1,10,0
FraB2,B2,B,Fra,2,10,0
FraB2,B2,B,Fra,3,10,0
FraB2,B2,B,Fra,4,10,0
FraB2,B2,B,Fra,5,10,0
FraB2,B2,B,Fra,6,10,0
FraB2,B2,B,Fra,7,10,0
FraB2,B2,B,Fra,8,10,0
FraB2,B2,B,Fra,9,10,0
FraB2,B2,B,Fra,10,10,0
FraB2,B2,B,Fra,11,10,0
FraB2,B2,B,Fra,12,10,0
FraB2,B2,B,Fra,13,9,10
FraB2,B2,B,Fra,14,9,10
FraB2,B2,B,Fra,0,10,0
FraB3,B3,B,Fra,1,10,0
FraB3,B3,B,Fra,2,10,0
FraB3,B3,B,Fra,3,10,0
FraB3,B3,B,Fra,4,10,0
FraB3,B3,B,Fra,5,10,0
FraB3,B3,B,Fra,6,10,0
FraB3,B3,B,Fra,7,10,0
FraB3,B3,B,Fra,8,10,0
FraB3,B3,B,Fra,9,10,0
FraB3,B3,B,Fra,10,10,0
FraB3,B3,B,Fra,11,10,0
FraB3,B3,B,Fra,12,10,0
FraB3,B3,B,Fra,13,10,0
FraB3,B3,B,Fra,14,10,0
FraB3,B3,B,Fra,0,10,0
FraB4,B4,B,Fra,1,10,0
FraB4,B4,B,Fra,2,9,10
FraB4,B4,B,Fra,3,9,10
FraB4,B4,B,Fra,4,9,10
FraB4,B4,B,Fra,5,9,10
FraB4,B4,B,Fra,6,9,10
FraB4,B4,B,Fra,7,9,10
FraB4,B4,B,Fra,8,9,10
FraB4,B4,B,Fra,9,9,10
FraB4,B4,B,Fra,10,9,10
FraB4,B4,B,Fra,11,9,10
FraB4,B4,B,Fra,12,9,10
FraB4,B4,B,Fra,13,9,10
FraB4,B4,B,Fra,14,9,10
FraB4,B4,B,Fra,0,10,0
FraB5,B5,B,Fra,1,10,0
FraB5,B5,B,Fra,2,10,0
FraB5,B5,B,Fra,3,10,0
FraB5,B5,B,Fra,4,10,0
FraB5,B5,B,Fra,5,10,0
FraB5,B5,B,Fra,6,10,0
FraB5,B5,B,Fra,7,10,0
FraB5,B5,B,Fra,8,10,0
FraB5,B5,B,Fra,9,10,0
FraB5,B5,B,Fra,10,10,0
FraB5,B5,B,Fra,11,10,0
FraB5,B5,B,Fra,12,10,0
FraB5,B5,B,Fra,13,10,0
FraB5,B5,B,Fra,14,10,0
FraB5,B5,B,Fra,0,10,0
FraB6,B6,B,Fra,1,10,0
FraB6,B6,B,Fra,2,10,0
FraB6,B6,B,Fra,3,10,0
FraB6,B6,B,Fra,4,10,0
FraB6,B6,B,Fra,5,10,0
FraB6,B6,B,Fra,6,10,0
FraB6,B6,B,Fra,7,10,0
FraB6,B6,B,Fra,8,10,0
FraB6,B6,B,Fra,9,10,0
FraB6,B6,B,Fra,10,10,0
FraB6,B6,B,Fra,11,10,0
FraB6,B6,B,Fra,12,10,0
FraB6,B6,B,Fra,13,10,0
FraB6,B6,B,Fra,14,10,0
FraB6,B6,B,Fra,0,10,0
FraB7,B7,B,Fra,1,10,0
FraB7,B7,B,Fra,2,9,10
FraB7,B7,B,Fra,3,9,10
FraB7,B7,B,Fra,4,9,10
FraB7,B7,B,Fra,5,9,10
FraB7,B7,B,Fra,6,9,10
FraB7,B7,B,Fra,7,9,10
FraB7,B7,B,Fra,8,9,10
FraB7,B7,B,Fra,9,9,10
FraB7,B7,B,Fra,10,9,10
FraB7,B7,B,Fra,11,9,10
FraB7,B7,B,Fra,12,9,10
FraB7,B7,B,Fra,13,9,10
FraB7,B7,B,Fra,14,8,20
FraB7,B7,B,Fra,0,10,0
FraB8,B8,B,Fra,1,10,0
FraB8,B8,B,Fra,2,10,0
FraB8,B8,B,Fra,3,10,0
FraB8,B8,B,Fra,4,10,0
FraB8,B8,B,Fra,5,10,0
FraB8,B8,B,Fra,6,10,0
FraB8,B8,B,Fra,7,10,0
FraB8,B8,B,Fra,8,9,10
FraB8,B8,B,Fra,9,9,10
FraB8,B8,B,Fra,10,9,10
FraB8,B8,B,Fra,11,9,10
FraB8,B8,B,Fra,12,9,10
FraB8,B8,B,Fra,13,9,10
FraB8,B8,B,Fra,14,9,10
FraB8,B8,B,Fra,0,10,0
FraB9,B9,B,Fra,1,10,0
FraB9,B9,B,Fra,2,10,0
FraB9,B9,B,Fra,3,10,0
FraB9,B9,B,Fra,4,10,0
FraB9,B9,B,Fra,5,10,0
FraB9,B9,B,Fra,6,10,0
FraB9,B9,B,Fra,7,10,0
FraB9,B9,B,Fra,8,10,0
FraB9,B9,B,Fra,9,10,0
FraB9,B9,B,Fra,10,10,0
FraB9,B9,B,Fra,11,10,0
FraB9,B9,B,Fra,12,10,0
FraB9,B9,B,Fra,13,10,0
FraB9,B9,B,Fra,14,10,0
FraB9,B9,B,Fra,0,10,0
FraC1,B1,C,Fra,1,10,0
FraC1,B1,C,Fra,2,10,0
FraC1,B1,C,Fra,3,10,0
FraC1,B1,C,Fra,4,10,0
FraC1,B1,C,Fra,5,10,0
FraC1,B1,C,Fra,6,10,0
FraC1,B1,C,Fra,7,10,0
FraC1,B1,C,Fra,8,10,0
FraC1,B1,C,Fra,9,10,0
FraC1,B1,C,Fra,10,10,0
FraC1,B1,C,Fra,11,10,0
FraC1,B1,C,Fra,12,10,0
FraC1,B1,C,Fra,13,10,0
FraC1,B1,C,Fra,14,10,0
FraC1,B1,C,Fra,0,10,0
FraC10,B10,C,Fra,1,10,0
FraC10,B10,C,Fra,2,10,0
FraC10,B10,C,Fra,3,10,0
FraC10,B10,C,Fra,4,10,0
FraC10,B10,C,Fra,5,10,0
FraC10,B10,C,Fra,6,10,0
FraC10,B10,C,Fra,7,10,0
FraC10,B10,C,Fra,8,10,0
FraC10,B10,C,Fra,9,10,0
FraC10,B10,C,Fra,10,10,0
FraC10,B10,C,Fra,11,10,0
FraC10,B10,C,Fra,12,10,0
FraC10,B10,C,Fra,13,10,0
FraC10,B10,C,Fra,14,10,0
FraC10,B10,C,Fra,0,10,0
FraC2,B2,C,Fra,1,10,0
FraC2,B2,C,Fra,2,10,0
FraC2,B2,C,Fra,3,10,0
FraC2,B2,C,Fra,4,10,0
FraC2,B2,C,Fra,5,10,0
FraC2,B2,C,Fra,6,10,0
FraC2,B2,C,Fra,7,10,0
FraC2,B2,C,Fra,8,10,0
FraC2,B2,C,Fra,9,10,0
FraC2,B2,C,Fra,10,10,0
FraC2,B2,C,Fra,11,10,0
FraC2,B2,C,Fra,12,10,0
FraC2,B2,C,Fra,13,10,0
FraC2,B2,C,Fra,14,10,0
FraC2,B2,C,Fra,0,10,0
FraC3,B3,C,Fra,1,10,0
FraC3,B3,C,Fra,2,10,0
FraC3,B3,C,Fra,3,10,0
FraC3,B3,C,Fra,4,10,0
FraC3,B3,C,Fra,5,10,0
FraC3,B3,C,Fra,6,10,0
FraC3,B3,C,Fra,7,10,0
FraC3,B3,C,Fra,8,10,0
FraC3,B3,C,Fra,9,10,0
FraC3,B3,C,Fra,10,10,0
FraC3,B3,C,Fra,11,10,0
FraC3,B3,C,Fra,12,10,0
FraC3,B3,C,Fra,13,10,0
FraC3,B3,C,Fra,14,10,0
FraC3,B3,C,Fra,0,10,0
FraC4,B4,C,Fra,1,10,0
FraC4,B4,C,Fra,2,10,0
FraC4,B4,C,Fra,3,10,0
FraC4,B4,C,Fra,4,10,0
FraC4,B4,C,Fra,5,10,0
FraC4,B4,C,Fra,6,10,0
FraC4,B4,C,Fra,7,10,0
FraC4,B4,C,Fra,8,10,0
FraC4,B4,C,Fra,9,10,0
FraC4,B4,C,Fra,10,10,0
FraC4,B4,C,Fra,11,10,0
FraC4,B4,C,Fra,12,10,0
FraC4,B4,C,Fra,13,10,0
FraC4,B4,C,Fra,14,10,0
FraC4,B4,C,Fra,0,10,0
FraC5,B5,C,Fra,1,10,0
FraC5,B5,C,Fra,2,10,0
FraC5,B5,C,Fra,3,10,0
FraC5,B5,C,Fra,4,10,0
FraC5,B5,C,Fra,5,10,0
FraC5,B5,C,Fra,6,10,0
FraC5,B5,C,Fra,7,10,0
FraC5,B5,C,Fra,8,10,0
FraC5,B5,C,Fra,9,10,0
FraC5,B5,C,Fra,10,10,0
FraC5,B5,C,Fra,11,10,0
FraC5,B5,C,Fra,12,10,0
FraC5,B5,C,Fra,13,10,0
FraC5,B5,C,Fra,14,10,0
FraC5,B5,C,Fra,0,10,0
FraC6,B6,C,Fra,1,10,0
FraC6,B6,C,Fra,2,10,0
FraC6,B6,C,Fra,3,10,0
FraC6,B6,C,Fra,4,10,0
FraC6,B6,C,Fra,5,10,0
FraC6,B6,C,Fra,6,10,0
FraC6,B6,C,Fra,7,10,0
FraC6,B6,C,Fra,8,10,0
FraC6,B6,C,Fra,9,10,0
FraC6,B6,C,Fra,10,10,0
FraC6,B6,C,Fra,11,10,0
FraC6,B6,C,Fra,12,10,0
FraC6,B6,C,Fra,13,10,0
FraC6,B6,C,Fra,14,10,0
FraC6,B6,C,Fra,0,10,0
FraC7,B7,C,Fra,1,9,10
FraC7,B7,C,Fra,2,9,10
FraC7,B7,C,Fra,3,9,10
FraC7,B7,C,Fra,4,9,10
FraC7,B7,C,Fra,5,9,10
FraC7,B7,C,Fra,6,9,10
FraC7,B7,C,Fra,7,9,10
FraC7,B7,C,Fra,8,9,10
FraC7,B7,C,Fra,9,9,10
FraC7,B7,C,Fra,10,9,10
FraC7,B7,C,Fra,11,9,10
FraC7,B7,C,Fra,12,9,10
FraC7,B7,C,Fra,13,9,10
FraC7,B7,C,Fra,14,9,10
FraC7,B7,C,Fra,0,10,0
FraC8,B8,C,Fra,1,10,0
FraC8,B8,C,Fra,2,10,0
FraC8,B8,C,Fra,3,10,0
FraC8,B8,C,Fra,4,10,0
FraC8,B8,C,Fra,5,10,0
FraC8,B8,C,Fra,6,10,0
FraC8,B8,C,Fra,7,10,0
FraC8,B8,C,Fra,8,10,0
FraC8,B8,C,Fra,9,10,0
FraC8,B8,C,Fra,10,10,0
FraC8,B8,C,Fra,11,10,0
FraC8,B8,C,Fra,12,10,0
FraC8,B8,C,Fra,13,10,0
FraC8,B8,C,Fra,14,10,0
FraC8,B8,C,Fra,0,10,0
FraC9,B9,C,Fra,1,9,10
FraC9,B9,C,Fra,2,9,10
FraC9,B9,C,Fra,3,9,10
FraC9,B9,C,Fra,4,9,10
FraC9,B9,C,Fra,5,9,10
FraC9,B9,C,Fra,6,9,10
FraC9,B9,C,Fra,7,9,10
FraC9,B9,C,Fra,8,9,10
FraC9,B9,C,Fra,9,9,10
FraC9,B9,C,Fra,10,9,10
FraC9,B9,C,Fra,11,9,10
FraC9,B9,C,Fra,12,9,10
FraC9,B9,C,Fra,13,9,10
FraC9,B9,C,Fra,14,9,10
FraC9,B9,C,Fra,0,10,0
GreB1,B1,B,Gre,1,10,0
GreB1,B1,B,Gre,2,10,0
GreB1,B1,B,Gre,3,10,0
GreB1,B1,B,Gre,4,10,0
GreB1,B1,B,Gre,5,10,0
GreB1,B1,B,Gre,6,10,0
GreB1,B1,B,Gre,7,10,0
GreB1,B1,B,Gre,8,10,0
GreB1,B1,B,Gre,9,10,0
GreB1,B1,B,Gre,10,9,10
GreB1,B1,B,Gre,11,9,10
GreB1,B1,B,Gre,12,9,10
GreB1,B1,B,Gre,13,9,10
GreB1,B1,B,Gre,14,9,10
GreB1,B1,B,Gre,0,10,0
GreB10,B10,B,Gre,1,9,10
GreB10,B10,B,Gre,2,8,20
GreB10,B10,B,Gre,3,8,20
GreB10,B10,B,Gre,4,8,20
GreB10,B10,B,Gre,5,8,20
GreB10,B10,B,Gre,6,8,20
GreB10,B10,B,Gre,7,7,30
GreB10,B10,B,Gre,8,6,40
GreB10,B10,B,Gre,9,6,40
GreB10,B10,B,Gre,10,6,40
GreB10,B10,B,Gre,11,4,60
GreB10,B10,B,Gre,12,3,70
GreB10,B10,B,Gre,13,3,70
GreB10,B10,B,Gre,14,3,70
GreB10,B10,B,Gre,0,10,0
GreB2,B2,B,Gre,1,10,0
GreB2,B2,B,Gre,2,10,0
GreB2,B2,B,Gre,3,10,0
GreB2,B2,B,Gre,4,10,0
GreB2,B2,B,Gre,5,10,0
GreB2,B2,B,Gre,6,10,0
GreB2,B2,B,Gre,7,10,0
GreB2,B2,B,Gre,8,10,0
GreB2,B2,B,Gre,9,10,0
GreB2,B2,B,Gre,10,9,10
GreB2,B2,B,Gre,11,9,10
GreB2,B2,B,Gre,12,9,10
GreB2,B2,B,Gre,13,9,10
GreB2,B2,B,Gre,14,9,10
GreB2,B2,B,Gre,0,10,0
GreB3,B3,B,Gre,1,10,0
GreB3,B3,B,Gre,2,10,0
GreB3,B3,B,Gre,3,10,0
GreB3,B3,B,Gre,4,10,0
GreB3,B3,B,Gre,5,10,0
GreB3,B3,B,Gre,6,10,0
GreB3,B3,B,Gre,7,10,0
GreB3,B3,B,Gre,8,10,0
GreB3,B3,B,Gre,9,10,0
GreB3,B3,B,Gre,10,10,0
GreB3,B3,B,Gre,11,10,0
GreB3,B3,B,Gre,12,9,10
GreB3,B3,B,Gre,13,9,10
GreB3,B3,B,Gre,14,9,10
GreB3,B3,B,Gre,0,10,0
GreB4,B4,B,Gre,1,9,10
GreB4,B4,B,Gre,2,9,10
GreB4,B4,B,Gre,3,9,10
GreB4,B4,B,Gre,4,9,10
GreB4,B4,B,Gre,5,9,10
GreB4,B4,B,Gre,6,9,10
GreB4,B4,B,Gre,7,9,10
GreB4,B4,B,Gre,8,9,10
GreB4,B4,B,Gre,9,9,10
GreB4,B4,B,Gre,10,9,10
GreB4,B4,B,Gre,11,9,10
GreB4,B4,B,Gre,12,9,10
GreB4,B4,B,Gre,13,9,10
GreB4,B4,B,Gre,14,8,20
GreB4,B4,B,Gre,0,10,0
GreB5,B5,B,Gre,1,10,0
GreB5,B5,B,Gre,2,9,10
GreB5,B5,B,Gre,3,9,10
GreB5,B5,B,Gre,4,9,10
GreB5,B5,B,Gre,5,9,10
GreB5,B5,B,Gre,6,8,20
GreB5,B5,B,Gre,7,8,20
GreB5,B5,B,Gre,8,8,20
GreB5,B5,B,Gre,9,7,30
GreB5,B5,B,Gre,10,7,30
GreB5,B5,B,Gre,11,7,30
GreB5,B5,B,Gre,12,7,30
GreB5,B5,B,Gre,13,7,30
GreB5,B5,B,Gre,14,7,30
GreB5,B5,B,Gre,0,10,0
GreB6,B6,B,Gre,1,9,10
GreB6,B6,B,Gre,2,9,10
GreB6,B6,B,Gre,3,9,10
GreB6,B6,B,Gre,4,9,10
GreB6,B6,B,Gre,5,9,10
GreB6,B6,B,Gre,6,9,10
GreB6,B6,B,Gre,7,9,10
GreB6,B6,B,Gre,8,9,10
GreB6,B6,B,Gre,9,9,10
GreB6,B6,B,Gre,10,9,10
GreB6,B6,B,Gre,11,9,10
GreB6,B6,B,Gre,12,9,10
GreB6,B6,B,Gre,13,9,10
GreB6,B6,B,Gre,14,8,20
GreB6,B6,B,Gre,0,10,0
GreB7,B7,B,Gre,1,10,0
GreB7,B7,B,Gre,2,9,10
GreB7,B7,B,Gre,3,9,10
GreB7,B7,B,Gre,4,9,10
GreB7,B7,B,Gre,5,9,10
GreB7,B7,B,Gre,6,9,10
GreB7,B7,B,Gre,7,9,10
GreB7,B7,B,Gre,8,9,10
GreB7,B7,B,Gre,9,8,20
GreB7,B7,B,Gre,10,8,20
GreB7,B7,B,Gre,11,8,20
GreB7,B7,B,Gre,12,7,30
GreB7,B7,B,Gre,13,7,30
GreB7,B7,B,Gre,14,7,30
GreB7,B7,B,Gre,0,10,0
GreB8,B8,B,Gre,1,8,20
GreB8,B8,B,Gre,2,8,20
GreB8,B8,B,Gre,3,8,20
GreB8,B8,B,Gre,4,8,20
GreB8,B8,B,Gre,5,8,20
GreB8,B8,B,Gre,6,8,20
GreB8,B8,B,Gre,7,8,20
GreB8,B8,B,Gre,8,7,30
GreB8,B8,B,Gre,9,7,30
GreB8,B8,B,Gre,10,6,40
GreB8,B8,B,Gre,11,6,40
GreB8,B8,B,Gre,12,6,40
GreB8,B8,B,Gre,13,6,40
GreB8,B8,B,Gre,14,6,40
GreB8,B8,B,Gre,0,10,0
GreB9,B9,B,Gre,1,10,0
GreB9,B9,B,Gre,2,9,10
GreB9,B9,B,Gre,3,9,10
GreB9,B9,B,Gre,4,9,10
GreB9,B9,B,Gre,5,9,10
GreB9,B9,B,Gre,6,9,10
GreB9,B9,B,Gre,7,9,10
GreB9,B9,B,Gre,8,9,10
GreB9,B9,B,Gre,9,9,10
GreB9,B9,B,Gre,10,7,30
GreB9,B9,B,Gre,11,7,30
GreB9,B9,B,Gre,12,7,30
GreB9,B9,B,Gre,13,7,30
GreB9,B9,B,Gre,14,7,30
GreB9,B9,B,Gre,0,10,0
GreC1,B1,C,Gre,1,10,0
GreC1,B1,C,Gre,2,10,0
GreC1,B1,C,Gre,3,10,0
GreC1,B1,C,Gre,4,10,0
GreC1,B1,C,Gre,5,10,0
GreC1,B1,C,Gre,6,10,0
GreC1,B1,C,Gre,7,10,0
GreC1,B1,C,Gre,8,10,0
GreC1,B1,C,Gre,9,10,0
GreC1,B1,C,Gre,10,9,10
GreC1,B1,C,Gre,11,9,10
GreC1,B1,C,Gre,12,9,10
GreC1,B1,C,Gre,13,9,10
GreC1,B1,C,Gre,14,9,10
GreC1,B1,C,Gre,0,10,0
GreC10,B10,C,Gre,1,10,0
GreC10,B10,C,Gre,2,10,0
GreC10,B10,C,Gre,3,10,0
GreC10,B10,C,Gre,4,10,0
GreC10,B10,C,Gre,5,10,0
GreC10,B10,C,Gre,6,10,0
GreC10,B10,C,Gre,7,10,0
GreC10,B10,C,Gre,8,10,0
GreC10,B10,C,Gre,9,10,0
GreC10,B10,C,Gre,10,10,0
GreC10,B10,C,Gre,11,10,0
GreC10,B10,C,Gre,12,10,0
GreC10,B10,C,Gre,13,10,0
GreC10,B10,C,Gre,14,10,0
GreC10,B10,C,Gre,0,10,0
GreC2,B2,C,Gre,1,10,0
GreC2,B2,C,Gre,2,10,0
GreC2,B2,C,Gre,3,10,0
GreC2,B2,C,Gre,4,10,0
GreC2,B2,C,Gre,5,10,0
GreC2,B2,C,Gre,6,10,0
GreC2,B2,C,Gre,7,10,0
GreC2,B2,C,Gre,8,10,0
GreC2,B2,C,Gre,9,10,0
GreC2,B2,C,Gre,10,9,10
GreC2,B2,C,Gre,11,9,10
GreC2,B2,C,Gre,12,9,10
GreC2,B2,C,Gre,13,9,10
GreC2,B2,C,Gre,14,9,10
GreC2,B2,C,Gre,0,10,0
GreC3,B3,C,Gre,1,10,0
GreC3,B3,C,Gre,2,10,0
GreC3,B3,C,Gre,3,10,0
GreC3,B3,C,Gre,4,10,0
GreC3,B3,C,Gre,5,10,0
GreC3,B3,C,Gre,6,10,0
GreC3,B3,C,Gre,7,10,0
GreC3,B3,C,Gre,8,9,10
GreC3,B3,C,Gre,9,9,10
GreC3,B3,C,Gre,10,9,10
GreC3,B3,C,Gre,11,9,10
GreC3,B3,C,Gre,12,9,10
GreC3,B3,C,Gre,13,9,10
GreC3,B3,C,Gre,14,9,10
GreC3,B3,C,Gre,0,10,0
GreC4,B4,C,Gre,1,10,0
GreC4,B4,C,Gre,2,10,0
GreC4,B4,C,Gre,3,10,0
GreC4,B4,C,Gre,4,10,0
GreC4,B4,C,Gre,5,10,0
GreC4,B4,C,Gre,6,10,0
GreC4,B4,C,Gre,7,10,0
GreC4,B4,C,Gre,8,10,0
GreC4,B4,C,Gre,9,10,0
GreC4,B4,C,Gre,10,10,0
GreC4,B4,C,Gre,11,10,0
GreC4,B4,C,Gre,12,10,0
GreC4,B4,C,Gre,13,10,0
GreC4,B4,C,Gre,14,10,0
GreC4,B4,C,Gre,0,10,0
GreC5,B5,C,Gre,1,10,0
GreC5,B5,C,Gre,2,10,0
GreC5,B5,C,Gre,3,10,0
GreC5,B5,C,Gre,4,10,0
GreC5,B5,C,Gre,5,10,0
GreC5,B5,C,Gre,6,10,0
GreC5,B5,C,Gre,7,10,0
GreC5,B5,C,Gre,8,10,0
GreC5,B5,C,Gre,9,10,0
GreC5,B5,C,Gre,10,10,0
GreC5,B5,C,Gre,11,10,0
GreC5,B5,C,Gre,12,10,0
GreC5,B5,C,Gre,13,10,0
GreC5,B5,C,Gre,14,10,0
GreC5,B5,C,Gre,0,10,0
GreC6,B6,C,Gre,1,10,0
GreC6,B6,C,Gre,2,10,0
GreC6,B6,C,Gre,3,10,0
GreC6,B6,C,Gre,4,10,0
GreC6,B6,C,Gre,5,10,0
GreC6,B6,C,Gre,6,10,0
GreC6,B6,C,Gre,7,10,0
GreC6,B6,C,Gre,8,10,0
GreC6,B6,C,Gre,9,10,0
GreC6,B6,C,Gre,10,10,0
GreC6,B6,C,Gre,11,10,0
GreC6,B6,C,Gre,12,10,0
GreC6,B6,C,Gre,13,10,0
GreC6,B6,C,Gre,14,10,0
GreC6,B6,C,Gre,0,10,0
GreC7,B7,C,Gre,1,10,0
GreC7,B7,C,Gre,2,10,0
GreC7,B7,C,Gre,3,10,0
GreC7,B7,C,Gre,4,10,0
GreC7,B7,C,Gre,5,10,0
GreC7,B7,C,Gre,6,10,0
GreC7,B7,C,Gre,7,10,0
GreC7,B7,C,Gre,8,10,0
GreC7,B7,C,Gre,9,10,0
GreC7,B7,C,Gre,10,10,0
GreC7,B7,C,Gre,11,10,0
GreC7,B7,C,Gre,12,10,0
GreC7,B7,C,Gre,13,9,10
GreC7,B7,C,Gre,14,9,10
GreC7,B7,C,Gre,0,10,0
GreC8,B8,C,Gre,1,10,0
GreC8,B8,C,Gre,2,10,0
GreC8,B8,C,Gre,3,10,0
GreC8,B8,C,Gre,4,10,0
GreC8,B8,C,Gre,5,10,0
GreC8,B8,C,Gre,6,10,0
GreC8,B8,C,Gre,7,10,0
GreC8,B8,C,Gre,8,10,0
GreC8,B8,C,Gre,9,10,0
GreC8,B8,C,Gre,10,10,0
GreC8,B8,C,Gre,11,10,0
GreC8,B8,C,Gre,12,10,0
GreC8,B8,C,Gre,13,10,0
GreC8,B8,C,Gre,14,10,0
GreC8,B8,C,Gre,0,10,0
GreC9,B9,C,Gre,1,10,0
GreC9,B9,C,Gre,2,10,0
GreC9,B9,C,Gre,3,10,0
GreC9,B9,C,Gre,4,10,0
GreC9,B9,C,Gre,5,10,0
GreC9,B9,C,Gre,6,10,0
GreC9,B9,C,Gre,7,10,0
GreC9,B9,C,Gre,8,10,0
GreC9,B9,C,Gre,9,10,0
GreC9,B9,C,Gre,10,10,0
GreC9,B9,C,Gre,11,10,0
GreC9,B9,C,Gre,12,10,0
GreC9,B9,C,Gre,13,10,0
GreC9,B9,C,Gre,14,10,0
GreC9,B9,C,Gre,0,10,0
Inv1B1,B1,B,Inv1,1,10,0
Inv1B1,B1,B,Inv1,2,10,0
Inv1B1,B1,B,Inv1,3,10,0
Inv1B1,B1,B,Inv1,4,10,0
Inv1B1,B1,B,Inv1,5,10,0
Inv1B1,B1,B,Inv1,6,10,0
Inv1B1,B1,B,Inv1,7,10,0
Inv1B1,B1,B,Inv1,8,8,20
Inv1B1,B1,B,Inv1,9,8,20
Inv1B1,B1,B,Inv1,10,8,20
Inv1B1,B1,B,Inv1,11,8,20
Inv1B1,B1,B,Inv1,12,8,20
Inv1B1,B1,B,Inv1,13,8,20
Inv1B1,B1,B,Inv1,14,7,30
Inv1B1,B1,B,Inv1,0,10,0
Inv1B10,B10,B,Inv1,1,9,10
Inv1B10,B10,B,Inv1,2,9,10
Inv1B10,B10,B,Inv1,3,9,10
Inv1B10,B10,B,Inv1,4,9,10
Inv1B10,B10,B,Inv1,5,9,10
Inv1B10,B10,B,Inv1,6,9,10
Inv1B10,B10,B,Inv1,7,9,10
Inv1B10,B10,B,Inv1,8,8,20
Inv1B10,B10,B,Inv1,9,8,20
Inv1B10,B10,B,Inv1,10,7,30
Inv1B10,B10,B,Inv1,11,7,30
Inv1B10,B10,B,Inv1,12,7,30
Inv1B10,B10,B,Inv1,13,7,30
Inv1B10,B10,B,Inv1,14,7,30
Inv1B10,B10,B,Inv1,0,10,0
Inv1B2,B2,B,Inv1,1,10,0
Inv1B2,B2,B,Inv1,2,10,0
Inv1B2,B2,B,Inv1,3,10,0
Inv1B2,B2,B,Inv1,4,9,10
Inv1B2,B2,B,Inv1,5,9,10
Inv1B2,B2,B,Inv1,6,9,10
Inv1B2,B2,B,Inv1,7,8,20
Inv1B2,B2,B,Inv1,8,8,20
Inv1B2,B2,B,Inv1,9,8,20
Inv1B2,B2,B,Inv1,10,8,20
Inv1B2,B2,B,Inv1,11,8,20
Inv1B2,B2,B,Inv1,12,6,40
Inv1B2,B2,B,Inv1,13,5,50
Inv1B2,B2,B,Inv1,14,5,50
Inv1B2,B2,B,Inv1,0,10,0
Inv1B3,B3,B,Inv1,1,9,10
Inv1B3,B3,B,Inv1,2,8,20
Inv1B3,B3,B,Inv1,3,8,20
Inv1B3,B3,B,Inv1,4,8,20
Inv1B3,B3,B,Inv1,5,8,20
Inv1B3,B3,B,Inv1,6,8,20
Inv1B3,B3,B,Inv1,7,8,20
Inv1B3,B3,B,Inv1,8,7,30
Inv1B3,B3,B,Inv1,9,6,40
Inv1B3,B3,B,Inv1,10,4,60
Inv1B3,B3,B,Inv1,11,4,60
Inv1B3,B3,B,Inv1,12,4,60
Inv1B3,B3,B,Inv1,13,4,60
Inv1B3,B3,B,Inv1,14,4,60
Inv1B3,B3,B,Inv1,0,10,0
Inv1B4,B4,B,Inv1,1,10,0
Inv1B4,B4,B,Inv1,2,10,0
Inv1B4,B4,B,Inv1,3,10,0
Inv1B4,B4,B,Inv1,4,10,0
Inv1B4,B4,B,Inv1,5,10,0
Inv1B4,B4,B,Inv1,6,10,0
Inv1B4,B4,B,Inv1,7,10,0
Inv1B4,B4,B,Inv1,8,10,0
Inv1B4,B4,B,Inv1,9,10,0
Inv1B4,B4,B,Inv1,10,10,0
Inv1B4,B4,B,Inv1,11,10,0
Inv1B4,B4,B,Inv1,12,9,10
Inv1B4,B4,B,Inv1,13,9,10
Inv1B4,B4,B,Inv1,14,8,20
Inv1B4,B4,B,Inv1,0,10,0
Inv1B5,B5,B,Inv1,1,10,0
Inv1B5,B5,B,Inv1,2,10,0
Inv1B5,B5,B,Inv1,3,9,10
Inv1B5,B5,B,Inv1,4,9,10
Inv1B5,B5,B,Inv1,5,9,10
Inv1B5,B5,B,Inv1,6,9,10
Inv1B5,B5,B,Inv1,7,9,10
Inv1B5,B5,B,Inv1,8,9,10
Inv1B5,B5,B,Inv1,9,9,10
Inv1B5,B5,B,Inv1,10,9,10
Inv1B5,B5,B,Inv1,11,9,10
Inv1B5,B5,B,Inv1,12,9,10
Inv1B5,B5,B,Inv1,13,9,10
Inv1B5,B5,B,Inv1,14,8,20
Inv1B5,B5,B,Inv1,0,10,0
Inv1B6,B6,B,Inv1,1,9,10
Inv1B6,B6,B,Inv1,2,9,10
Inv1B6,B6,B,Inv1,3,9,10
Inv1B6,B6,B,Inv1,4,9,10
Inv1B6,B6,B,Inv1,5,9,10
Inv1B6,B6,B,Inv1,6,9,10
Inv1B6,B6,B,Inv1,7,9,10
Inv1B6,B6,B,Inv1,8,9,10
Inv1B6,B6,B,Inv1,9,9,10
Inv1B6,B6,B,Inv1,10,9,10
Inv1B6,B6,B,Inv1,11,8,20
Inv1B6,B6,B,Inv1,12,6,40
Inv1B6,B6,B,Inv1,13,6,40
Inv1B6,B6,B,Inv1,14,6,40
Inv1B6,B6,B,Inv1,0,10,0
Inv1B7,B7,B,Inv1,1,10,0
Inv1B7,B7,B,Inv1,2,10,0
Inv1B7,B7,B,Inv1,3,10,0
Inv1B7,B7,B,Inv1,4,10,0
Inv1B7,B7,B,Inv1,5,10,0
Inv1B7,B7,B,Inv1,6,10,0
Inv1B7,B7,B,Inv1,7,10,0
Inv1B7,B7,B,Inv1,8,10,0
Inv1B7,B7,B,Inv1,9,9,10
Inv1B7,B7,B,Inv1,10,9,10
Inv1B7,B7,B,Inv1,11,9,10
Inv1B7,B7,B,Inv1,12,8,20
Inv1B7,B7,B,Inv1,13,8,20
Inv1B7,B7,B,Inv1,14,8,20
Inv1B7,B7,B,Inv1,0,10,0
Inv1B8,B8,B,Inv1,1,10,0
Inv1B8,B8,B,Inv1,2,10,0
Inv1B8,B8,B,Inv1,3,10,0
Inv1B8,B8,B,Inv1,4,10,0
Inv1B8,B8,B,Inv1,5,10,0
Inv1B8,B8,B,Inv1,6,10,0
Inv1B8,B8,B,Inv1,7,10,0
Inv1B8,B8,B,Inv1,8,9,10
Inv1B8,B8,B,Inv1,9,9,10
Inv1B8,B8,B,Inv1,10,8,20
Inv1B8,B8,B,Inv1,11,8,20
Inv1B8,B8,B,Inv1,12,8,20
Inv1B8,B8,B,Inv1,13,8,20
Inv1B8,B8,B,Inv1,14,8,20
Inv1B8,B8,B,Inv1,0,10,0
Inv1B9,B9,B,Inv1,1,9,10
Inv1B9,B9,B,Inv1,2,9,10
Inv1B9,B9,B,Inv1,3,9,10
Inv1B9,B9,B,Inv1,4,8,20
Inv1B9,B9,B,Inv1,5,8,20
Inv1B9,B9,B,Inv1,6,7,30
Inv1B9,B9,B,Inv1,7,7,30
Inv1B9,B9,B,Inv1,8,6,40
Inv1B9,B9,B,Inv1,9,6,40
Inv1B9,B9,B,Inv1,10,6,40
Inv1B9,B9,B,Inv1,11,6,40
Inv1B9,B9,B,Inv1,12,6,40
Inv1B9,B9,B,Inv1,13,6,40
Inv1B9,B9,B,Inv1,14,6,40
Inv1B9,B9,B,Inv1,0,10,0
Inv1C1,B1,C,Inv1,1,10,0
Inv1C1,B1,C,Inv1,2,10,0
Inv1C1,B1,C,Inv1,3,10,0
Inv1C1,B1,C,Inv1,4,10,0
Inv1C1,B1,C,Inv1,5,10,0
Inv1C1,B1,C,Inv1,6,10,0
Inv1C1,B1,C,Inv1,7,10,0
Inv1C1,B1,C,Inv1,8,9,10
Inv1C1,B1,C,Inv1,9,9,10
Inv1C1,B1,C,Inv1,10,9,10
Inv1C1,B1,C,Inv1,11,9,10
Inv1C1,B1,C,Inv1,12,8,20
Inv1C1,B1,C,Inv1,13,8,20
Inv1C1,B1,C,Inv1,14,8,20
Inv1C1,B1,C,Inv1,0,10,0
Inv1C10,B10,C,Inv1,1,10,0
Inv1C10,B10,C,Inv1,2,10,0
Inv1C10,B10,C,Inv1,3,10,0
Inv1C10,B10,C,Inv1,4,10,0
Inv1C10,B10,C,Inv1,5,10,0
Inv1C10,B10,C,Inv1,6,10,0
Inv1C10,B10,C,Inv1,7,10,0
Inv1C10,B10,C,Inv1,8,10,0
Inv1C10,B10,C,Inv1,9,10,0
Inv1C10,B10,C,Inv1,10,10,0
Inv1C10,B10,C,Inv1,11,10,0
Inv1C10,B10,C,Inv1,12,10,0
Inv1C10,B10,C,Inv1,13,10,0
Inv1C10,B10,C,Inv1,14,10,0
Inv1C10,B10,C,Inv1,0,10,0
Inv1C2,B2,C,Inv1,1,10,0
Inv1C2,B2,C,Inv1,2,10,0
Inv1C2,B2,C,Inv1,3,10,0
Inv1C2,B2,C,Inv1,4,10,0
Inv1C2,B2,C,Inv1,5,10,0
Inv1C2,B2,C,Inv1,6,10,0
Inv1C2,B2,C,Inv1,7,10,0
Inv1C2,B2,C,Inv1,8,10,0
Inv1C2,B2,C,Inv1,9,10,0
Inv1C2,B2,C,Inv1,10,10,0
Inv1C2,B2,C,Inv1,11,10,0
Inv1C2,B2,C,Inv1,12,10,0
Inv1C2,B2,C,Inv1,13,10,0
Inv1C2,B2,C,Inv1,14,10,0
Inv1C2,B2,C,Inv1,0,10,0
Inv1C3,B3,C,Inv1,1,10,0
Inv1C3,B3,C,Inv1,2,10,0
Inv1C3,B3,C,Inv1,3,10,0
Inv1C3,B3,C,Inv1,4,10,0
Inv1C3,B3,C,Inv1,5,10,0
Inv1C3,B3,C,Inv1,6,10,0
Inv1C3,B3,C,Inv1,7,10,0
Inv1C3,B3,C,Inv1,8,10,0
Inv1C3,B3,C,Inv1,9,10,0
Inv1C3,B3,C,Inv1,10,10,0
Inv1C3,B3,C,Inv1,11,10,0
Inv1C3,B3,C,Inv1,12,10,0
Inv1C3,B3,C,Inv1,13,10,0
Inv1C3,B3,C,Inv1,14,10,0
Inv1C3,B3,C,Inv1,0,10,0
Inv1C4,B4,C,Inv1,1,10,0
Inv1C4,B4,C,Inv1,2,10,0
Inv1C4,B4,C,Inv1,3,10,0
Inv1C4,B4,C,Inv1,4,10,0
Inv1C4,B4,C,Inv1,5,10,0
Inv1C4,B4,C,Inv1,6,10,0
Inv1C4,B4,C,Inv1,7,10,0
Inv1C4,B4,C,Inv1,8,10,0
Inv1C4,B4,C,Inv1,9,10,0
Inv1C4,B4,C,Inv1,10,10,0
Inv1C4,B4,C,Inv1,11,10,0
Inv1C4,B4,C,Inv1,12,10,0
Inv1C4,B4,C,Inv1,13,10,0
Inv1C4,B4,C,Inv1,14,10,0
Inv1C4,B4,C,Inv1,0,10,0
Inv1C5,B5,C,Inv1,1,10,0
Inv1C5,B5,C,Inv1,2,10,0
Inv1C5,B5,C,Inv1,3,10,0
Inv1C5,B5,C,Inv1,4,10,0
Inv1C5,B5,C,Inv1,5,10,0
Inv1C5,B5,C,Inv1,6,9,10
Inv1C5,B5,C,Inv1,7,9,10
Inv1C5,B5,C,Inv1,8,9,10
Inv1C5,B5,C,Inv1,9,8,20
Inv1C5,B5,C,Inv1,10,7,30
Inv1C5,B5,C,Inv1,11,6,40
Inv1C5,B5,C,Inv1,12,6,40
Inv1C5,B5,C,Inv1,13,4,60
Inv1C5,B5,C,Inv1,14,4,60
Inv1C5,B5,C,Inv1,0,10,0
Inv1C6,B6,C,Inv1,1,10,0
Inv1C6,B6,C,Inv1,2,10,0
Inv1C6,B6,C,Inv1,3,10,0
Inv1C6,B6,C,Inv1,4,10,0
Inv1C6,B6,C,Inv1,5,10,0
Inv1C6,B6,C,Inv1,6,10,0
Inv1C6,B6,C,Inv1,7,10,0
Inv1C6,B6,C,Inv1,8,10,0
Inv1C6,B6,C,Inv1,9,10,0
Inv1C6,B6,C,Inv1,10,10,0
Inv1C6,B6,C,Inv1,11,10,0
Inv1C6,B6,C,Inv1,12,10,0
Inv1C6,B6,C,Inv1,13,10,0
Inv1C6,B6,C,Inv1,14,10,0
Inv1C6,B6,C,Inv1,0,10,0
Inv1C7,B7,C,Inv1,1,10,0
Inv1C7,B7,C,Inv1,2,10,0
Inv1C7,B7,C,Inv1,3,10,0
Inv1C7,B7,C,Inv1,4,10,0
Inv1C7,B7,C,Inv1,5,10,0
Inv1C7,B7,C,Inv1,6,10,0
Inv1C7,B7,C,Inv1,7,10,0
Inv1C7,B7,C,Inv1,8,10,0
Inv1C7,B7,C,Inv1,9,9,10
Inv1C7,B7,C,Inv1,10,9,10
Inv1C7,B7,C,Inv1,11,9,10
Inv1C7,B7,C,Inv1,12,9,10
Inv1C7,B7,C,Inv1,13,9,10
Inv1C7,B7,C,Inv1,14,9,10
Inv1C7,B7,C,Inv1,0,10,0
Inv1C8,B8,C,Inv1,1,10,0
Inv1C8,B8,C,Inv1,2,10,0
Inv1C8,B8,C,Inv1,3,10,0
Inv1C8,B8,C,Inv1,4,10,0
Inv1C8,B8,C,Inv1,5,10,0
Inv1C8,B8,C,Inv1,6,10,0
Inv1C8,B8,C,Inv1,7,10,0
Inv1C8,B8,C,Inv1,8,10,0
Inv1C8,B8,C,Inv1,9,10,0
Inv1C8,B8,C,Inv1,10,10,0
Inv1C8,B8,C,Inv1,11,10,0
Inv1C8,B8,C,Inv1,12,10,0
Inv1C8,B8,C,Inv1,13,10,0
Inv1C8,B8,C,Inv1,14,10,0
Inv1C8,B8,C,Inv1,0,10,0
Inv1C9,B9,C,Inv1,1,10,0
Inv1C9,B9,C,Inv1,2,10,0
Inv1C9,B9,C,Inv1,3,10,0
Inv1C9,B9,C,Inv1,4,10,0
Inv1C9,B9,C,Inv1,5,10,0
Inv1C9,B9,C,Inv1,6,9,10
Inv1C9,B9,C,Inv1,7,9,10
Inv1C9,B9,C,Inv1,8,9,10
Inv1C9,B9,C,Inv1,9,9,10
Inv1C9,B9,C,Inv1,10,9,10
Inv1C9,B9,C,Inv1,11,9,10
Inv1C9,B9,C,Inv1,12,9,10
Inv1C9,B9,C,Inv1,13,9,10
Inv1C9,B9,C,Inv1,14,9,10
Inv1C9,B9,C,Inv1,0,10,0
Inv2B1,B1,B,Inv2,1,9,10
Inv2B1,B1,B,Inv2,2,9,10
Inv2B1,B1,B,Inv2,3,8,20
Inv2B1,B1,B,Inv2,4,8,20
Inv2B1,B1,B,Inv2,5,8,20
Inv2B1,B1,B,Inv2,6,8,20
Inv2B1,B1,B,Inv2,7,8,20
Inv2B1,B1,B,Inv2,8,8,20
Inv2B1,B1,B,Inv2,9,8,20
Inv2B1,B1,B,Inv2,10,8,20
Inv2B1,B1,B,Inv2,11,8,20
Inv2B1,B1,B,Inv2,12,8,20
Inv2B1,B1,B,Inv2,13,8,20
Inv2B1,B1,B,Inv2,14,8,20
Inv2B1,B1,B,Inv2,0,10,0
Inv2B10,B10,B,Inv2,1,8,20
Inv2B10,B10,B,Inv2,2,8,20
Inv2B10,B10,B,Inv2,3,8,20
Inv2B10,B10,B,Inv2,4,8,20
Inv2B10,B10,B,Inv2,5,8,20
Inv2B10,B10,B,Inv2,6,8,20
Inv2B10,B10,B,Inv2,7,8,20
Inv2B10,B10,B,Inv2,8,8,20
Inv2B10,B10,B,Inv2,9,8,20
Inv2B10,B10,B,Inv2,10,8,20
Inv2B10,B10,B,Inv2,11,8,20
Inv2B10,B10,B,Inv2,12,8,20
Inv2B10,B10,B,Inv2,13,8,20
Inv2B10,B10,B,Inv2,14,8,20
Inv2B10,B10,B,Inv2,0,10,0
Inv2B2,B2,B,Inv2,1,9,10
Inv2B2,B2,B,Inv2,2,9,10
Inv2B2,B2,B,Inv2,3,9,10
Inv2B2,B2,B,Inv2,4,8,20
Inv2B2,B2,B,Inv2,5,8,20
Inv2B2,B2,B,Inv2,6,8,20
Inv2B2,B2,B,Inv2,7,8,20
Inv2B2,B2,B,Inv2,8,8,20
Inv2B2,B2,B,Inv2,9,8,20
Inv2B2,B2,B,Inv2,10,8,20
Inv2B2,B2,B,Inv2,11,8,20
Inv2B2,B2,B,Inv2,12,8,20
Inv2B2,B2,B,Inv2,13,8,20
Inv2B2,B2,B,Inv2,14,8,20
Inv2B2,B2,B,Inv2,0,10,0
Inv2B3,B3,B,Inv2,1,9,10
Inv2B3,B3,B,Inv2,2,8,20
Inv2B3,B3,B,Inv2,3,8,20
Inv2B3,B3,B,Inv2,4,7,30
Inv2B3,B3,B,Inv2,5,7,30
Inv2B3,B3,B,Inv2,6,7,30
Inv2B3,B3,B,Inv2,7,7,30
Inv2B3,B3,B,Inv2,8,7,30
Inv2B3,B3,B,Inv2,9,7,30
Inv2B3,B3,B,Inv2,10,7,30
Inv2B3,B3,B,Inv2,11,7,30
Inv2B3,B3,B,Inv2,12,7,30
Inv2B3,B3,B,Inv2,13,7,30
Inv2B3,B3,B,Inv2,14,7,30
Inv2B3,B3,B,Inv2,0,10,0
Inv2B4,B4,B,Inv2,1,8,20
Inv2B4,B4,B,Inv2,2,8,20
Inv2B4,B4,B,Inv2,3,8,20
Inv2B4,B4,B,Inv2,4,8,20
Inv2B4,B4,B,Inv2,5,8,20
Inv2B4,B4,B,Inv2,6,8,20
Inv2B4,B4,B,Inv2,7,8,20
Inv2B4,B4,B,Inv2,8,8,20
Inv2B4,B4,B,Inv2,9,8,20
Inv2B4,B4,B,Inv2,10,8,20
Inv2B4,B4,B,Inv2,11,8,20
Inv2B4,B4,B,Inv2,12,8,20
Inv2B4,B4,B,Inv2,13,8,20
Inv2B4,B4,B,Inv2,14,7,30
Inv2B4,B4,B,Inv2,0,10,0
Inv2B5,B5,B,Inv2,1,10,0
Inv2B5,B5,B,Inv2,2,10,0
Inv2B5,B5,B,Inv2,3,10,0
Inv2B5,B5,B,Inv2,4,10,0
Inv2B5,B5,B,Inv2,5,10,0
Inv2B5,B5,B,Inv2,6,10,0
Inv2B5,B5,B,Inv2,7,10,0
Inv2B5,B5,B,Inv2,8,10,0
Inv2B5,B5,B,Inv2,9,9,10
Inv2B5,B5,B,Inv2,10,9,10
Inv2B5,B5,B,Inv2,11,9,10
Inv2B5,B5,B,Inv2,12,8,20
Inv2B5,B5,B,Inv2,13,8,20
Inv2B5,B5,B,Inv2,14,8,20
Inv2B5,B5,B,Inv2,0,10,0
Inv2B6,B6,B,Inv2,1,10,0
Inv2B6,B6,B,Inv2,2,10,0
Inv2B6,B6,B,Inv2,3,10,0
Inv2B6,B6,B,Inv2,4,10,0
Inv2B6,B6,B,Inv2,5,10,0
Inv2B6,B6,B,Inv2,6,10,0
Inv2B6,B6,B,Inv2,7,10,0
Inv2B6,B6,B,Inv2,8,10,0
Inv2B6,B6,B,Inv2,9,9,10
Inv2B6,B6,B,Inv2,10,9,10
Inv2B6,B6,B,Inv2,11,9,10
Inv2B6,B6,B,Inv2,12,8,20
Inv2B6,B6,B,Inv2,13,8,20
Inv2B6,B6,B,Inv2,14,8,20
Inv2B6,B6,B,Inv2,0,10,0
Inv2B7,B7,B,Inv2,1,8,20
Inv2B7,B7,B,Inv2,2,8,20
Inv2B7,B7,B,Inv2,3,8,20
Inv2B7,B7,B,Inv2,4,7,30
Inv2B7,B7,B,Inv2,5,7,30
Inv2B7,B7,B,Inv2,6,6,40
Inv2B7,B7,B,Inv2,7,6,40
Inv2B7,B7,B,Inv2,8,6,40
Inv2B7,B7,B,Inv2,9,6,40
Inv2B7,B7,B,Inv2,10,6,40
Inv2B7,B7,B,Inv2,11,6,40
Inv2B7,B7,B,Inv2,12,6,40
Inv2B7,B7,B,Inv2,13,6,40
Inv2B7,B7,B,Inv2,14,6,40
Inv2B7,B7,B,Inv2,0,10,0
Inv2B8,B8,B,Inv2,1,9,10
Inv2B8,B8,B,Inv2,2,9,10
Inv2B8,B8,B,Inv2,3,9,10
Inv2B8,B8,B,Inv2,4,9,10
Inv2B8,B8,B,Inv2,5,9,10
Inv2B8,B8,B,Inv2,6,9,10
Inv2B8,B8,B,Inv2,7,9,10
Inv2B8,B8,B,Inv2,8,9,10
Inv2B8,B8,B,Inv2,9,9,10
Inv2B8,B8,B,Inv2,10,9,10
Inv2B8,B8,B,Inv2,11,8,20
Inv2B8,B8,B,Inv2,12,8,20
Inv2B8,B8,B,Inv2,13,8,20
Inv2B8,B8,B,Inv2,14,8,20
Inv2B8,B8,B,Inv2,0,10,0
Inv2B9,B9,B,Inv2,1,10,0
Inv2B9,B9,B,Inv2,2,10,0
Inv2B9,B9,B,Inv2,3,10,0
Inv2B9,B9,B,Inv2,4,10,0
Inv2B9,B9,B,Inv2,5,10,0
Inv2B9,B9,B,Inv2,6,10,0
Inv2B9,B9,B,Inv2,7,10,0
Inv2B9,B9,B,Inv2,8,10,0
Inv2B9,B9,B,Inv2,9,10,0
Inv2B9,B9,B,Inv2,10,10,0
Inv2B9,B9,B,Inv2,11,9,10
Inv2B9,B9,B,Inv2,12,9,10
Inv2B9,B9,B,Inv2,13,9,10
Inv2B9,B9,B,Inv2,14,9,10
Inv2B9,B9,B,Inv2,0,10,0
Inv2C1,B1,C,Inv2,1,10,0
Inv2C1,B1,C,Inv2,2,10,0
Inv2C1,B1,C,Inv2,3,10,0
Inv2C1,B1,C,Inv2,4,10,0
Inv2C1,B1,C,Inv2,5,10,0
Inv2C1,B1,C,Inv2,6,10,0
Inv2C1,B1,C,Inv2,7,10,0
Inv2C1,B1,C,Inv2,8,10,0
Inv2C1,B1,C,Inv2,9,10,0
Inv2C1,B1,C,Inv2,10,10,0
Inv2C1,B1,C,Inv2,11,9,10
Inv2C1,B1,C,Inv2,12,9,10
Inv2C1,B1,C,Inv2,13,9,10
Inv2C1,B1,C,Inv2,14,9,10
Inv2C1,B1,C,Inv2,0,10,0
Inv2C10,B10,C,Inv2,1,10,0
Inv2C10,B10,C,Inv2,2,10,0
Inv2C10,B10,C,Inv2,3,10,0
Inv2C10,B10,C,Inv2,4,10,0
Inv2C10,B10,C,Inv2,5,10,0
Inv2C10,B10,C,Inv2,6,10,0
Inv2C10,B10,C,Inv2,7,10,0
Inv2C10,B10,C,Inv2,8,10,0
Inv2C10,B10,C,Inv2,9,10,0
Inv2C10,B10,C,Inv2,10,10,0
Inv2C10,B10,C,Inv2,11,10,0
Inv2C10,B10,C,Inv2,12,10,0
Inv2C10,B10,C,Inv2,13,10,0
Inv2C10,B10,C,Inv2,14,10,0
Inv2C10,B10,C,Inv2,0,10,0
Inv2C2,B2,C,Inv2,1,10,0
Inv2C2,B2,C,Inv2,2,10,0
Inv2C2,B2,C,Inv2,3,10,0
Inv2C2,B2,C,Inv2,4,10,0
Inv2C2,B2,C,Inv2,5,10,0
Inv2C2,B2,C,Inv2,6,10,0
Inv2C2,B2,C,Inv2,7,9,10
Inv2C2,B2,C,Inv2,8,9,10
Inv2C2,B2,C,Inv2,9,9,10
Inv2C2,B2,C,Inv2,10,9,10
Inv2C2,B2,C,Inv2,11,9,10
Inv2C2,B2,C,Inv2,12,9,10
Inv2C2,B2,C,Inv2,13,9,10
Inv2C2,B2,C,Inv2,14,9,10
Inv2C2,B2,C,Inv2,0,10,0
Inv2C3,B3,C,Inv2,1,10,0
Inv2C3,B3,C,Inv2,2,10,0
Inv2C3,B3,C,Inv2,3,10,0
Inv2C3,B3,C,Inv2,4,10,0
Inv2C3,B3,C,Inv2,5,10,0
Inv2C3,B3,C,Inv2,6,10,0
Inv2C3,B3,C,Inv2,7,10,0
Inv2C3,B3,C,Inv2,8,10,0
Inv2C3,B3,C,Inv2,9,10,0
Inv2C3,B3,C,Inv2,10,10,0
Inv2C3,B3,C,Inv2,11,10,0
Inv2C3,B3,C,Inv2,12,10,0
Inv2C3,B3,C,Inv2,13,10,0
Inv2C3,B3,C,Inv2,14,10,0
Inv2C3,B3,C,Inv2,0,10,0
Inv2C4,B4,C,Inv2,1,9,10
Inv2C4,B4,C,Inv2,2,9,10
Inv2C4,B4,C,Inv2,3,9,10
Inv2C4,B4,C,Inv2,4,9,10
Inv2C4,B4,C,Inv2,5,9,10
Inv2C4,B4,C,Inv2,6,9,10
Inv2C4,B4,C,Inv2,7,9,10
Inv2C4,B4,C,Inv2,8,9,10
Inv2C4,B4,C,Inv2,9,9,10
Inv2C4,B4,C,Inv2,10,9,10
Inv2C4,B4,C,Inv2,11,9,10
Inv2C4,B4,C,Inv2,12,9,10
Inv2C4,B4,C,Inv2,13,9,10
Inv2C4,B4,C,Inv2,14,9,10
Inv2C4,B4,C,Inv2,0,10,0
Inv2C5,B5,C,Inv2,1,10,0
Inv2C5,B5,C,Inv2,2,10,0
Inv2C5,B5,C,Inv2,3,10,0
Inv2C5,B5,C,Inv2,4,10,0
Inv2C5,B5,C,Inv2,5,10,0
Inv2C5,B5,C,Inv2,6,10,0
Inv2C5,B5,C,Inv2,7,10,0
Inv2C5,B5,C,Inv2,8,10,0
Inv2C5,B5,C,Inv2,9,10,0
Inv2C5,B5,C,Inv2,10,10,0
Inv2C5,B5,C,Inv2,11,10,0
Inv2C5,B5,C,Inv2,12,10,0
Inv2C5,B5,C,Inv2,13,10,0
Inv2C5,B5,C,Inv2,14,10,0
Inv2C5,B5,C,Inv2,0,10,0
Inv2C6,B6,C,Inv2,1,10,0
Inv2C6,B6,C,Inv2,2,10,0
Inv2C6,B6,C,Inv2,3,10,0
Inv2C6,B6,C,Inv2,4,10,0
Inv2C6,B6,C,Inv2,5,10,0
Inv2C6,B6,C,Inv2,6,10,0
Inv2C6,B6,C,Inv2,7,10,0
Inv2C6,B6,C,Inv2,8,10,0
Inv2C6,B6,C,Inv2,9,10,0
Inv2C6,B6,C,Inv2,10,10,0
Inv2C6,B6,C,Inv2,11,10,0
Inv2C6,B6,C,Inv2,12,10,0
Inv2C6,B6,C,Inv2,13,10,0
Inv2C6,B6,C,Inv2,14,10,0
Inv2C6,B6,C,Inv2,0,10,0
Inv2C7,B7,C,Inv2,1,10,0
Inv2C7,B7,C,Inv2,2,10,0
Inv2C7,B7,C,Inv2,3,10,0
Inv2C7,B7,C,Inv2,4,10,0
Inv2C7,B7,C,Inv2,5,10,0
Inv2C7,B7,C,Inv2,6,10,0
Inv2C7,B7,C,Inv2,7,10,0
Inv2C7,B7,C,Inv2,8,10,0
Inv2C7,B7,C,Inv2,9,10,0
Inv2C7,B7,C,Inv2,10,10,0
Inv2C7,B7,C,Inv2,11,10,0
Inv2C7,B7,C,Inv2,12,10,0
Inv2C7,B7,C,Inv2,13,10,0
Inv2C7,B7,C,Inv2,14,10,0
Inv2C7,B7,C,Inv2,0,10,0
Inv2C8,B8,C,Inv2,1,10,0
Inv2C8,B8,C,Inv2,2,10,0
Inv2C8,B8,C,Inv2,3,10,0
Inv2C8,B8,C,Inv2,4,10,0
Inv2C8,B8,C,Inv2,5,10,0
Inv2C8,B8,C,Inv2,6,10,0
Inv2C8,B8,C,Inv2,7,10,0
Inv2C8,B8,C,Inv2,8,10,0
Inv2C8,B8,C,Inv2,9,10,0
Inv2C8,B8,C,Inv2,10,9,10
Inv2C8,B8,C,Inv2,11,9,10
Inv2C8,B8,C,Inv2,12,9,10
Inv2C8,B8,C,Inv2,13,9,10
Inv2C8,B8,C,Inv2,14,9,10
Inv2C8,B8,C,Inv2,0,10,0
Inv2C9,B9,C,Inv2,1,10,0
Inv2C9,B9,C,Inv2,2,10,0
Inv2C9,B9,C,Inv2,3,10,0
Inv2C9,B9,C,Inv2,4,10,0
Inv2C9,B9,C,Inv2,5,10,0
Inv2C9,B9,C,Inv2,6,10,0
Inv2C9,B9,C,Inv2,7,10,0
Inv2C9,B9,C,Inv2,8,10,0
Inv2C9,B9,C,Inv2,9,10,0
Inv2C9,B9,C,Inv2,10,10,0
Inv2C9,B9,C,Inv2,11,10,0
Inv2C9,B9,C,Inv2,12,9,10
Inv2C9,B9,C,Inv2,13,9,10
Inv2C9,B9,C,Inv2,14,9,10
Inv2C9,B9,C,Inv2,0,10,0
Ita1B1,B1,B,Ita1,1,10,0
Ita1B1,B1,B,Ita1,2,10,0
Ita1B1,B1,B,Ita1,3,10,0
Ita1B1,B1,B,Ita1,4,10,0
Ita1B1,B1,B,Ita1,5,10,0
Ita1B1,B1,B,Ita1,6,9,10
Ita1B1,B1,B,Ita1,7,9,10
Ita1B1,B1,B,Ita1,8,9,10
Ita1B1,B1,B,Ita1,9,9,10
Ita1B1,B1,B,Ita1,10,9,10
Ita1B1,B1,B,Ita1,11,7,30
Ita1B1,B1,B,Ita1,12,7,30
Ita1B1,B1,B,Ita1,13,7,30
Ita1B1,B1,B,Ita1,14,7,30
Ita1B1,B1,B,Ita1,0,10,0
Ita1B10,B10,B,Ita1,1,9,10
Ita1B10,B10,B,Ita1,2,9,10
Ita1B10,B10,B,Ita1,3,9,10
Ita1B10,B10,B,Ita1,4,8,20
Ita1B10,B10,B,Ita1,5,8,20
Ita1B10,B10,B,Ita1,6,8,20
Ita1B10,B10,B,Ita1,7,8,20
Ita1B10,B10,B,Ita1,8,8,20
Ita1B10,B10,B,Ita1,9,8,20
Ita1B10,B10,B,Ita1,10,7,30
Ita1B10,B10,B,Ita1,11,7,30
Ita1B10,B10,B,Ita1,12,7,30
Ita1B10,B10,B,Ita1,13,7,30
Ita1B10,B10,B,Ita1,14,7,30
Ita1B10,B10,B,Ita1,0,10,0
Ita1B2,B2,B,Ita1,1,9,10
Ita1B2,B2,B,Ita1,2,9,10
Ita1B2,B2,B,Ita1,3,9,10
Ita1B2,B2,B,Ita1,4,9,10
Ita1B2,B2,B,Ita1,5,9,10
Ita1B2,B2,B,Ita1,6,9,10
Ita1B2,B2,B,Ita1,7,9,10
Ita1B2,B2,B,Ita1,8,9,10
Ita1B2,B2,B,Ita1,9,9,10
Ita1B2,B2,B,Ita1,10,9,10
Ita1B2,B2,B,Ita1,11,8,20
Ita1B2,B2,B,Ita1,12,7,30
Ita1B2,B2,B,Ita1,13,7,30
Ita1B2,B2,B,Ita1,14,7,30
Ita1B2,B2,B,Ita1,0,10,0
Ita1B3,B3,B,Ita1,1,8,20
Ita1B3,B3,B,Ita1,2,8,20
Ita1B3,B3,B,Ita1,3,8,20
Ita1B3,B3,B,Ita1,4,8,20
Ita1B3,B3,B,Ita1,5,8,20
Ita1B3,B3,B,Ita1,6,8,20
Ita1B3,B3,B,Ita1,7,8,20
Ita1B3,B3,B,Ita1,8,7,30
Ita1B3,B3,B,Ita1,9,7,30
Ita1B3,B3,B,Ita1,10,6,40
Ita1B3,B3,B,Ita1,11,6,40
Ita1B3,B3,B,Ita1,12,6,40
Ita1B3,B3,B,Ita1,13,6,40
Ita1B3,B3,B,Ita1,14,6,40
Ita1B3,B3,B,Ita1,0,10,0
Ita1B4,B4,B,Ita1,1,10,0
Ita1B4,B4,B,Ita1,2,10,0
Ita1B4,B4,B,Ita1,3,10,0
Ita1B4,B4,B,Ita1,4,10,0
Ita1B4,B4,B,Ita1,5,10,0
Ita1B4,B4,B,Ita1,6,10,0
Ita1B4,B4,B,Ita1,7,9,10
Ita1B4,B4,B,Ita1,8,9,10
Ita1B4,B4,B,Ita1,9,7,30
Ita1B4,B4,B,Ita1,10,7,30
Ita1B4,B4,B,Ita1,11,7,30
Ita1B4,B4,B,Ita1,12,7,30
Ita1B4,B4,B,Ita1,13,7,30
Ita1B4,B4,B,Ita1,14,7,30
Ita1B4,B4,B,Ita1,0,10,0
Ita1B5,B5,B,Ita1,1,10,0
Ita1B5,B5,B,Ita1,2,9,10
Ita1B5,B5,B,Ita1,3,9,10
Ita1B5,B5,B,Ita1,4,9,10
Ita1B5,B5,B,Ita1,5,9,10
Ita1B5,B5,B,Ita1,6,9,10
Ita1B5,B5,B,Ita1,7,9,10
Ita1B5,B5,B,Ita1,8,9,10
Ita1B5,B5,B,Ita1,9,9,10
Ita1B5,B5,B,Ita1,10,9,10
Ita1B5,B5,B,Ita1,11,9,10
Ita1B5,B5,B,Ita1,12,9,10
Ita1B5,B5,B,Ita1,13,9,10
Ita1B5,B5,B,Ita1,14,9,10
Ita1B5,B5,B,Ita1,0,10,0
Ita1B6,B6,B,Ita1,1,9,10
Ita1B6,B6,B,Ita1,2,9,10
Ita1B6,B6,B,Ita1,3,9,10
Ita1B6,B6,B,Ita1,4,9,10
Ita1B6,B6,B,Ita1,5,9,10
Ita1B6,B6,B,Ita1,6,9,10
Ita1B6,B6,B,Ita1,7,9,10
Ita1B6,B6,B,Ita1,8,9,10
Ita1B6,B6,B,Ita1,9,9,10
Ita1B6,B6,B,Ita1,10,9,10
Ita1B6,B6,B,Ita1,11,9,10
Ita1B6,B6,B,Ita1,12,9,10
Ita1B6,B6,B,Ita1,13,9,10
Ita1B6,B6,B,Ita1,14,9,10
Ita1B6,B6,B,Ita1,0,10,0
Ita1B7,B7,B,Ita1,1,8,20
Ita1B7,B7,B,Ita1,2,8,20
Ita1B7,B7,B,Ita1,3,8,20
Ita1B7,B7,B,Ita1,4,8,20
Ita1B7,B7,B,Ita1,5,8,20
Ita1B7,B7,B,Ita1,6,8,20
Ita1B7,B7,B,Ita1,7,8,20
Ita1B7,B7,B,Ita1,8,7,30
Ita1B7,B7,B,Ita1,9,7,30
Ita1B7,B7,B,Ita1,10,6,40
Ita1B7,B7,B,Ita1,11,6,40
Ita1B7,B7,B,Ita1,12,6,40
Ita1B7,B7,B,Ita1,13,6,40
Ita1B7,B7,B,Ita1,14,6,40
Ita1B7,B7,B,Ita1,0,10,0
Ita1B8,B8,B,Ita1,1,7,30
Ita1B8,B8,B,Ita1,2,5,50
Ita1B8,B8,B,Ita1,3,5,50
Ita1B8,B8,B,Ita1,4,5,50
Ita1B8,B8,B,Ita1,5,5,50
Ita1B8,B8,B,Ita1,6,5,50
Ita1B8,B8,B,Ita1,7,5,50
Ita1B8,B8,B,Ita1,8,5,50
Ita1B8,B8,B,Ita1,9,5,50
Ita1B8,B8,B,Ita1,10,5,50
Ita1B8,B8,B,Ita1,11,5,50
Ita1B8,B8,B,Ita1,12,5,50
Ita1B8,B8,B,Ita1,13,5,50
Ita1B8,B8,B,Ita1,14,5,50
Ita1B8,B8,B,Ita1,0,10,0
Ita1B9,B9,B,Ita1,1,10,0
Ita1B9,B9,B,Ita1,2,8,20
Ita1B9,B9,B,Ita1,3,8,20
Ita1B9,B9,B,Ita1,4,8,20
Ita1B9,B9,B,Ita1,5,8,20
Ita1B9,B9,B,Ita1,6,7,30
Ita1B9,B9,B,Ita1,7,7,30
Ita1B9,B9,B,Ita1,8,6,40
Ita1B9,B9,B,Ita1,9,6,40
Ita1B9,B9,B,Ita1,10,6,40
Ita1B9,B9,B,Ita1,11,6,40
Ita1B9,B9,B,Ita1,12,5,50
Ita1B9,B9,B,Ita1,13,5,50
Ita1B9,B9,B,Ita1,14,5,50
Ita1B9,B9,B,Ita1,0,10,0
Ita1C1,B1,C,Ita1,1,10,0
Ita1C1,B1,C,Ita1,2,10,0
Ita1C1,B1,C,Ita1,3,9,10
Ita1C1,B1,C,Ita1,4,9,10
Ita1C1,B1,C,Ita1,5,9,10
Ita1C1,B1,C,Ita1,6,9,10
Ita1C1,B1,C,Ita1,7,9,10
Ita1C1,B1,C,Ita1,8,9,10
Ita1C1,B1,C,Ita1,9,9,10
Ita1C1,B1,C,Ita1,10,9,10
Ita1C1,B1,C,Ita1,11,8,20
Ita1C1,B1,C,Ita1,12,8,20
Ita1C1,B1,C,Ita1,13,8,20
Ita1C1,B1,C,Ita1,14,8,20
Ita1C1,B1,C,Ita1,0,10,0
Ita1C10,B10,C,Ita1,1,10,0
Ita1C10,B10,C,Ita1,2,10,0
Ita1C10,B10,C,Ita1,3,10,0
Ita1C10,B10,C,Ita1,4,10,0
Ita1C10,B10,C,Ita1,5,10,0
Ita1C10,B10,C,Ita1,6,10,0
Ita1C10,B10,C,Ita1,7,10,0
Ita1C10,B10,C,Ita1,8,10,0
Ita1C10,B10,C,Ita1,9,10,0
Ita1C10,B10,C,Ita1,10,10,0
Ita1C10,B10,C,Ita1,11,10,0
Ita1C10,B10,C,Ita1,12,10,0
Ita1C10,B10,C,Ita1,13,10,0
Ita1C10,B10,C,Ita1,14,9,10
Ita1C10,B10,C,Ita1,0,10,0
Ita1C2,B2,C,Ita1,1,10,0
Ita1C2,B2,C,Ita1,2,10,0
Ita1C2,B2,C,Ita1,3,10,0
Ita1C2,B2,C,Ita1,4,10,0
Ita1C2,B2,C,Ita1,5,10,0
Ita1C2,B2,C,Ita1,6,10,0
Ita1C2,B2,C,Ita1,7,10,0
Ita1C2,B2,C,Ita1,8,10,0
Ita1C2,B2,C,Ita1,9,10,0
Ita1C2,B2,C,Ita1,10,10,0
Ita1C2,B2,C,Ita1,11,10,0
Ita1C2,B2,C,Ita1,12,10,0
Ita1C2,B2,C,Ita1,13,10,0
Ita1C2,B2,C,Ita1,14,10,0
Ita1C2,B2,C,Ita1,0,10,0
Ita1C3,B3,C,Ita1,1,10,0
Ita1C3,B3,C,Ita1,2,10,0
Ita1C3,B3,C,Ita1,3,10,0
Ita1C3,B3,C,Ita1,4,10,0
Ita1C3,B3,C,Ita1,5,10,0
Ita1C3,B3,C,Ita1,6,10,0
Ita1C3,B3,C,Ita1,7,10,0
Ita1C3,B3,C,Ita1,8,10,0
Ita1C3,B3,C,Ita1,9,10,0
Ita1C3,B3,C,Ita1,10,10,0
Ita1C3,B3,C,Ita1,11,10,0
Ita1C3,B3,C,Ita1,12,10,0
Ita1C3,B3,C,Ita1,13,10,0
Ita1C3,B3,C,Ita1,14,10,0
Ita1C3,B3,C,Ita1,0,10,0
Ita1C4,B4,C,Ita1,1,10,0
Ita1C4,B4,C,Ita1,2,10,0
Ita1C4,B4,C,Ita1,3,10,0
Ita1C4,B4,C,Ita1,4,10,0
Ita1C4,B4,C,Ita1,5,10,0
Ita1C4,B4,C,Ita1,6,10,0
Ita1C4,B4,C,Ita1,7,10,0
Ita1C4,B4,C,Ita1,8,10,0
Ita1C4,B4,C,Ita1,9,10,0
Ita1C4,B4,C,Ita1,10,10,0
Ita1C4,B4,C,Ita1,11,10,0
Ita1C4,B4,C,Ita1,12,10,0
Ita1C4,B4,C,Ita1,13,10,0
Ita1C4,B4,C,Ita1,14,10,0
Ita1C4,B4,C,Ita1,0,10,0
Ita1C5,B5,C,Ita1,1,10,0
Ita1C5,B5,C,Ita1,2,10,0
Ita1C5,B5,C,Ita1,3,9,10
Ita1C5,B5,C,Ita1,4,9,10
Ita1C5,B5,C,Ita1,5,9,10
Ita1C5,B5,C,Ita1,6,9,10
Ita1C5,B5,C,Ita1,7,9,10
Ita1C5,B5,C,Ita1,8,9,10
Ita1C5,B5,C,Ita1,9,9,10
Ita1C5,B5,C,Ita1,10,9,10
Ita1C5,B5,C,Ita1,11,9,10
Ita1C5,B5,C,Ita1,12,9,10
Ita1C5,B5,C,Ita1,13,9,10
Ita1C5,B5,C,Ita1,14,9,10
Ita1C5,B5,C,Ita1,0,10,0
Ita1C6,B6,C,Ita1,1,10,0
Ita1C6,B6,C,Ita1,2,10,0
Ita1C6,B6,C,Ita1,3,10,0
Ita1C6,B6,C,Ita1,4,10,0
Ita1C6,B6,C,Ita1,5,10,0
Ita1C6,B6,C,Ita1,6,10,0
Ita1C6,B6,C,Ita1,7,10,0
Ita1C6,B6,C,Ita1,8,10,0
Ita1C6,B6,C,Ita1,9,10,0
Ita1C6,B6,C,Ita1,10,10,0
Ita1C6,B6,C,Ita1,11,10,0
Ita1C6,B6,C,Ita1,12,10,0
Ita1C6,B6,C,Ita1,13,10,0
Ita1C6,B6,C,Ita1,14,10,0
Ita1C6,B6,C,Ita1,0,10,0
Ita1C7,B7,C,Ita1,1,10,0
Ita1C7,B7,C,Ita1,2,10,0
Ita1C7,B7,C,Ita1,3,10,0
Ita1C7,B7,C,Ita1,4,10,0
Ita1C7,B7,C,Ita1,5,10,0
Ita1C7,B7,C,Ita1,6,10,0
Ita1C7,B7,C,Ita1,7,10,0
Ita1C7,B7,C,Ita1,8,10,0
Ita1C7,B7,C,Ita1,9,10,0
Ita1C7,B7,C,Ita1,10,9,10
Ita1C7,B7,C,Ita1,11,9,10
Ita1C7,B7,C,Ita1,12,9,10
Ita1C7,B7,C,Ita1,13,9,10
Ita1C7,B7,C,Ita1,14,9,10
Ita1C7,B7,C,Ita1,0,10,0
Ita1C8,B8,C,Ita1,1,10,0
Ita1C8,B8,C,Ita1,2,10,0
Ita1C8,B8,C,Ita1,3,10,0
Ita1C8,B8,C,Ita1,4,10,0
Ita1C8,B8,C,Ita1,5,10,0
Ita1C8,B8,C,Ita1,6,10,0
Ita1C8,B8,C,Ita1,7,10,0
Ita1C8,B8,C,Ita1,8,10,0
Ita1C8,B8,C,Ita1,9,10,0
Ita1C8,B8,C,Ita1,10,9,10
Ita1C8,B8,C,Ita1,11,9,10
Ita1C8,B8,C,Ita1,12,9,10
Ita1C8,B8,C,Ita1,13,9,10
Ita1C8,B8,C,Ita1,14,9,10
Ita1C8,B8,C,Ita1,0,10,0
Ita1C9,B9,C,Ita1,1,10,0
Ita1C9,B9,C,Ita1,2,10,0
Ita1C9,B9,C,Ita1,3,10,0
Ita1C9,B9,C,Ita1,4,10,0
Ita1C9,B9,C,Ita1,5,10,0
Ita1C9,B9,C,Ita1,6,10,0
Ita1C9,B9,C,Ita1,7,10,0
Ita1C9,B9,C,Ita1,8,9,10
Ita1C9,B9,C,Ita1,9,9,10
Ita1C9,B9,C,Ita1,10,9,10
Ita1C9,B9,C,Ita1,11,9,10
Ita1C9,B9,C,Ita1,12,9,10
Ita1C9,B9,C,Ita1,13,9,10
Ita1C9,B9,C,Ita1,14,9,10
Ita1C9,B9,C,Ita1,0,10,0
Ita2B1,B1,B,Ita2,1,10,0
Ita2B1,B1,B,Ita2,2,10,0
Ita2B1,B1,B,Ita2,3,10,0
Ita2B1,B1,B,Ita2,4,10,0
Ita2B1,B1,B,Ita2,5,10,0
Ita2B1,B1,B,Ita2,6,10,0
Ita2B1,B1,B,Ita2,7,10,0
Ita2B1,B1,B,Ita2,8,9,10
Ita2B1,B1,B,Ita2,9,9,10
Ita2B1,B1,B,Ita2,10,9,10
Ita2B1,B1,B,Ita2,11,7,30
Ita2B1,B1,B,Ita2,12,6,40
Ita2B1,B1,B,Ita2,13,6,40
Ita2B1,B1,B,Ita2,14,6,40
Ita2B1,B1,B,Ita2,0,10,0
Ita2B10,B10,B,Ita2,1,10,0
Ita2B10,B10,B,Ita2,2,10,0
Ita2B10,B10,B,Ita2,3,10,0
Ita2B10,B10,B,Ita2,4,10,0
Ita2B10,B10,B,Ita2,5,10,0
Ita2B10,B10,B,Ita2,6,10,0
Ita2B10,B10,B,Ita2,7,10,0
Ita2B10,B10,B,Ita2,8,10,0
Ita2B10,B10,B,Ita2,9,10,0
Ita2B10,B10,B,Ita2,10,10,0
Ita2B10,B10,B,Ita2,11,10,0
Ita2B10,B10,B,Ita2,12,10,0
Ita2B10,B10,B,Ita2,13,9,10
Ita2B10,B10,B,Ita2,14,9,10
Ita2B10,B10,B,Ita2,0,10,0
Ita2B2,B2,B,Ita2,1,8,20
Ita2B2,B2,B,Ita2,2,8,20
Ita2B2,B2,B,Ita2,3,8,20
Ita2B2,B2,B,Ita2,4,8,20
Ita2B2,B2,B,Ita2,5,8,20
Ita2B2,B2,B,Ita2,6,8,20
Ita2B2,B2,B,Ita2,7,8,20
Ita2B2,B2,B,Ita2,8,8,20
Ita2B2,B2,B,Ita2,9,8,20
Ita2B2,B2,B,Ita2,10,8,20
Ita2B2,B2,B,Ita2,11,8,20
Ita2B2,B2,B,Ita2,12,7,30
Ita2B2,B2,B,Ita2,13,7,30
Ita2B2,B2,B,Ita2,14,7,30
Ita2B2,B2,B,Ita2,0,10,0
Ita2B3,B3,B,Ita2,1,10,0
Ita2B3,B3,B,Ita2,2,10,0
Ita2B3,B3,B,Ita2,3,10,0
Ita2B3,B3,B,Ita2,4,10,0
Ita2B3,B3,B,Ita2,5,10,0
Ita2B3,B3,B,Ita2,6,10,0
Ita2B3,B3,B,Ita2,7,10,0
Ita2B3,B3,B,Ita2,8,10,0
Ita2B3,B3,B,Ita2,9,10,0
Ita2B3,B3,B,Ita2,10,10,0
Ita2B3,B3,B,Ita2,11,9,10
Ita2B3,B3,B,Ita2,12,9,10
Ita2B3,B3,B,Ita2,13,8,20
Ita2B3,B3,B,Ita2,14,7,30
Ita2B3,B3,B,Ita2,0,10,0
Ita2B4,B4,B,Ita2,1,10,0
Ita2B4,B4,B,Ita2,2,10,0
Ita2B4,B4,B,Ita2,3,10,0
Ita2B4,B4,B,Ita2,4,10,0
Ita2B4,B4,B,Ita2,5,10,0
Ita2B4,B4,B,Ita2,6,10,0
Ita2B4,B4,B,Ita2,7,10,0
Ita2B4,B4,B,Ita2,8,10,0
Ita2B4,B4,B,Ita2,9,10,0
Ita2B4,B4,B,Ita2,10,10,0
Ita2B4,B4,B,Ita2,11,10,0
Ita2B4,B4,B,Ita2,12,10,0
Ita2B4,B4,B,Ita2,13,10,0
Ita2B4,B4,B,Ita2,14,9,10
Ita2B4,B4,B,Ita2,0,10,0
Ita2B5,B5,B,Ita2,1,10,0
Ita2B5,B5,B,Ita2,2,10,0
Ita2B5,B5,B,Ita2,3,10,0
Ita2B5,B5,B,Ita2,4,10,0
Ita2B5,B5,B,Ita2,5,10,0
Ita2B5,B5,B,Ita2,6,10,0
Ita2B5,B5,B,Ita2,7,10,0
Ita2B5,B5,B,Ita2,8,10,0
Ita2B5,B5,B,Ita2,9,10,0
Ita2B5,B5,B,Ita2,10,10,0
Ita2B5,B5,B,Ita2,11,10,0
Ita2B5,B5,B,Ita2,12,10,0
Ita2B5,B5,B,Ita2,13,9,10
Ita2B5,B5,B,Ita2,14,9,10
Ita2B5,B5,B,Ita2,0,10,0
Ita2B6,B6,B,Ita2,1,8,20
Ita2B6,B6,B,Ita2,2,8,20
Ita2B6,B6,B,Ita2,3,8,20
Ita2B6,B6,B,Ita2,4,8,20
Ita2B6,B6,B,Ita2,5,8,20
Ita2B6,B6,B,Ita2,6,8,20
Ita2B6,B6,B,Ita2,7,8,20
Ita2B6,B6,B,Ita2,8,8,20
Ita2B6,B6,B,Ita2,9,8,20
Ita2B6,B6,B,Ita2,10,8,20
Ita2B6,B6,B,Ita2,11,8,20
Ita2B6,B6,B,Ita2,12,8,20
Ita2B6,B6,B,Ita2,13,8,20
Ita2B6,B6,B,Ita2,14,8,20
Ita2B6,B6,B,Ita2,0,10,0
Ita2B7,B7,B,Ita2,1,8,20
Ita2B7,B7,B,Ita2,2,8,20
Ita2B7,B7,B,Ita2,3,8,20
Ita2B7,B7,B,Ita2,4,8,20
Ita2B7,B7,B,Ita2,5,8,20
Ita2B7,B7,B,Ita2,6,8,20
Ita2B7,B7,B,Ita2,7,8,20
Ita2B7,B7,B,Ita2,8,8,20
Ita2B7,B7,B,Ita2,9,8,20
Ita2B7,B7,B,Ita2,10,8,20
Ita2B7,B7,B,Ita2,11,8,20
Ita2B7,B7,B,Ita2,12,8,20
Ita2B7,B7,B,Ita2,13,8,20
Ita2B7,B7,B,Ita2,14,8,20
Ita2B7,B7,B,Ita2,0,10,0
Ita2B8,B8,B,Ita2,1,8,20
Ita2B8,B8,B,Ita2,2,8,20
Ita2B8,B8,B,Ita2,3,8,20
Ita2B8,B8,B,Ita2,4,8,20
Ita2B8,B8,B,Ita2,5,8,20
Ita2B8,B8,B,Ita2,6,8,20
Ita2B8,B8,B,Ita2,7,8,20
Ita2B8,B8,B,Ita2,8,7,30
Ita2B8,B8,B,Ita2,9,7,30
Ita2B8,B8,B,Ita2,10,7,30
Ita2B8,B8,B,Ita2,11,6,40
Ita2B8,B8,B,Ita2,12,6,40
Ita2B8,B8,B,Ita2,13,5,50
Ita2B8,B8,B,Ita2,14,5,50
Ita2B8,B8,B,Ita2,0,10,0
Ita2B9,B9,B,Ita2,1,10,0
Ita2B9,B9,B,Ita2,2,10,0
Ita2B9,B9,B,Ita2,3,10,0
Ita2B9,B9,B,Ita2,4,10,0
Ita2B9,B9,B,Ita2,5,10,0
Ita2B9,B9,B,Ita2,6,10,0
Ita2B9,B9,B,Ita2,7,10,0
Ita2B9,B9,B,Ita2,8,10,0
Ita2B9,B9,B,Ita2,9,10,0
Ita2B9,B9,B,Ita2,10,10,0
Ita2B9,B9,B,Ita2,11,10,0
Ita2B9,B9,B,Ita2,12,10,0
Ita2B9,B9,B,Ita2,13,10,0
Ita2B9,B9,B,Ita2,14,8,20
Ita2B9,B9,B,Ita2,0,10,0
Ita2C1,B1,C,Ita2,1,10,0
Ita2C1,B1,C,Ita2,2,10,0
Ita2C1,B1,C,Ita2,3,10,0
Ita2C1,B1,C,Ita2,4,10,0
Ita2C1,B1,C,Ita2,5,10,0
Ita2C1,B1,C,Ita2,6,10,0
Ita2C1,B1,C,Ita2,7,10,0
Ita2C1,B1,C,Ita2,8,10,0
Ita2C1,B1,C,Ita2,9,10,0
Ita2C1,B1,C,Ita2,10,10,0
Ita2C1,B1,C,Ita2,11,10,0
Ita2C1,B1,C,Ita2,12,10,0
Ita2C1,B1,C,Ita2,13,10,0
Ita2C1,B1,C,Ita2,14,10,0
Ita2C1,B1,C,Ita2,0,10,0
Ita2C10,B10,C,Ita2,1,10,0
Ita2C10,B10,C,Ita2,2,10,0
Ita2C10,B10,C,Ita2,3,10,0
Ita2C10,B10,C,Ita2,4,10,0
Ita2C10,B10,C,Ita2,5,10,0
Ita2C10,B10,C,Ita2,6,10,0
Ita2C10,B10,C,Ita2,7,10,0
Ita2C10,B10,C,Ita2,8,10,0
Ita2C10,B10,C,Ita2,9,10,0
Ita2C10,B10,C,Ita2,10,10,0
Ita2C10,B10,C,Ita2,11,10,0
Ita2C10,B10,C,Ita2,12,10,0
Ita2C10,B10,C,Ita2,13,10,0
Ita2C10,B10,C,Ita2,14,10,0
Ita2C10,B10,C,Ita2,0,10,0
Ita2C2,B2,C,Ita2,1,10,0
Ita2C2,B2,C,Ita2,2,10,0
Ita2C2,B2,C,Ita2,3,10,0
Ita2C2,B2,C,Ita2,4,10,0
Ita2C2,B2,C,Ita2,5,10,0
Ita2C2,B2,C,Ita2,6,10,0
Ita2C2,B2,C,Ita2,7,10,0
Ita2C2,B2,C,Ita2,8,10,0
Ita2C2,B2,C,Ita2,9,10,0
Ita2C2,B2,C,Ita2,10,10,0
Ita2C2,B2,C,Ita2,11,10,0
Ita2C2,B2,C,Ita2,12,10,0
Ita2C2,B2,C,Ita2,13,10,0
Ita2C2,B2,C,Ita2,14,10,0
Ita2C2,B2,C,Ita2,0,10,0
Ita2C3,B3,C,Ita2,1,10,0
Ita2C3,B3,C,Ita2,2,10,0
Ita2C3,B3,C,Ita2,3,10,0
Ita2C3,B3,C,Ita2,4,10,0
Ita2C3,B3,C,Ita2,5,10,0
Ita2C3,B3,C,Ita2,6,10,0
Ita2C3,B3,C,Ita2,7,10,0
Ita2C3,B3,C,Ita2,8,10,0
Ita2C3,B3,C,Ita2,9,9,10
Ita2C3,B3,C,Ita2,10,9,10
Ita2C3,B3,C,Ita2,11,9,10
Ita2C3,B3,C,Ita2,12,9,10
Ita2C3,B3,C,Ita2,13,8,20
Ita2C3,B3,C,Ita2,14,8,20
Ita2C3,B3,C,Ita2,0,10,0
Ita2C4,B4,C,Ita2,1,10,0
Ita2C4,B4,C,Ita2,2,10,0
Ita2C4,B4,C,Ita2,3,10,0
Ita2C4,B4,C,Ita2,4,10,0
Ita2C4,B4,C,Ita2,5,10,0
Ita2C4,B4,C,Ita2,6,10,0
Ita2C4,B4,C,Ita2,7,10,0
Ita2C4,B4,C,Ita2,8,10,0
Ita2C4,B4,C,Ita2,9,10,0
Ita2C4,B4,C,Ita2,10,10,0
Ita2C4,B4,C,Ita2,11,10,0
Ita2C4,B4,C,Ita2,12,10,0
Ita2C4,B4,C,Ita2,13,10,0
Ita2C4,B4,C,Ita2,14,10,0
Ita2C4,B4,C,Ita2,0,10,0
Ita2C5,B5,C,Ita2,1,10,0
Ita2C5,B5,C,Ita2,2,10,0
Ita2C5,B5,C,Ita2,3,10,0
Ita2C5,B5,C,Ita2,4,10,0
Ita2C5,B5,C,Ita2,5,10,0
Ita2C5,B5,C,Ita2,6,10,0
Ita2C5,B5,C,Ita2,7,10,0
Ita2C5,B5,C,Ita2,8,10,0
Ita2C5,B5,C,Ita2,9,10,0
Ita2C5,B5,C,Ita2,10,10,0
Ita2C5,B5,C,Ita2,11,10,0
Ita2C5,B5,C,Ita2,12,10,0
Ita2C5,B5,C,Ita2,13,10,0
Ita2C5,B5,C,Ita2,14,10,0
Ita2C5,B5,C,Ita2,0,10,0
Ita2C6,B6,C,Ita2,1,10,0
Ita2C6,B6,C,Ita2,2,10,0
Ita2C6,B6,C,Ita2,3,10,0
Ita2C6,B6,C,Ita2,4,10,0
Ita2C6,B6,C,Ita2,5,10,0
Ita2C6,B6,C,Ita2,6,10,0
Ita2C6,B6,C,Ita2,7,10,0
Ita2C6,B6,C,Ita2,8,10,0
Ita2C6,B6,C,Ita2,9,10,0
Ita2C6,B6,C,Ita2,10,10,0
Ita2C6,B6,C,Ita2,11,10,0
Ita2C6,B6,C,Ita2,12,10,0
Ita2C6,B6,C,Ita2,13,10,0
Ita2C6,B6,C,Ita2,14,10,0
Ita2C6,B6,C,Ita2,0,10,0
Ita2C7,B7,C,Ita2,1,10,0
Ita2C7,B7,C,Ita2,2,10,0
Ita2C7,B7,C,Ita2,3,10,0
Ita2C7,B7,C,Ita2,4,10,0
Ita2C7,B7,C,Ita2,5,10,0
Ita2C7,B7,C,Ita2,6,10,0
Ita2C7,B7,C,Ita2,7,10,0
Ita2C7,B7,C,Ita2,8,10,0
Ita2C7,B7,C,Ita2,9,10,0
Ita2C7,B7,C,Ita2,10,10,0
Ita2C7,B7,C,Ita2,11,10,0
Ita2C7,B7,C,Ita2,12,10,0
Ita2C7,B7,C,Ita2,13,10,0
Ita2C7,B7,C,Ita2,14,10,0
Ita2C7,B7,C,Ita2,0,10,0
Ita2C8,B8,C,Ita2,1,10,0
Ita2C8,B8,C,Ita2,2,10,0
Ita2C8,B8,C,Ita2,3,10,0
Ita2C8,B8,C,Ita2,4,10,0
Ita2C8,B8,C,Ita2,5,10,0
Ita2C8,B8,C,Ita2,6,10,0
Ita2C8,B8,C,Ita2,7,10,0
Ita2C8,B8,C,Ita2,8,10,0
Ita2C8,B8,C,Ita2,9,10,0
Ita2C8,B8,C,Ita2,10,10,0
Ita2C8,B8,C,Ita2,11,10,0
Ita2C8,B8,C,Ita2,12,10,0
Ita2C8,B8,C,Ita2,13,10,0
Ita2C8,B8,C,Ita2,14,10,0
Ita2C8,B8,C,Ita2,0,10,0
Ita2C9,B9,C,Ita2,1,10,0
Ita2C9,B9,C,Ita2,2,10,0
Ita2C9,B9,C,Ita2,3,10,0
Ita2C9,B9,C,Ita2,4,10,0
Ita2C9,B9,C,Ita2,5,10,0
Ita2C9,B9,C,Ita2,6,10,0
Ita2C9,B9,C,Ita2,7,10,0
Ita2C9,B9,C,Ita2,8,10,0
Ita2C9,B9,C,Ita2,9,10,0
Ita2C9,B9,C,Ita2,10,10,0
Ita2C9,B9,C,Ita2,11,10,0
Ita2C9,B9,C,Ita2,12,9,10
Ita2C9,B9,C,Ita2,13,9,10
Ita2C9,B9,C,Ita2,14,9,10
Ita2C9,B9,C,Ita2,0,10,0
TurB1,B1,B,Tur,1,9,10
TurB1,B1,B,Tur,2,9,10
TurB1,B1,B,Tur,3,9,10
TurB1,B1,B,Tur,4,9,10
TurB1,B1,B,Tur,5,9,10
TurB1,B1,B,Tur,6,9,10
TurB1,B1,B,Tur,7,9,10
TurB1,B1,B,Tur,8,9,10
TurB1,B1,B,Tur,9,9,10
TurB1,B1,B,Tur,10,8,20
TurB1,B1,B,Tur,11,8,20
TurB1,B1,B,Tur,12,8,20
TurB1,B1,B,Tur,13,7,30
TurB1,B1,B,Tur,14,7,30
TurB1,B1,B,Tur,0,10,0
TurB10,B10,B,Tur,1,9,10
TurB10,B10,B,Tur,2,9,10
TurB10,B10,B,Tur,3,9,10
TurB10,B10,B,Tur,4,9,10
TurB10,B10,B,Tur,5,9,10
TurB10,B10,B,Tur,6,9,10
TurB10,B10,B,Tur,7,9,10
TurB10,B10,B,Tur,8,9,10
TurB10,B10,B,Tur,9,9,10
TurB10,B10,B,Tur,10,9,10
TurB10,B10,B,Tur,11,8,20
TurB10,B10,B,Tur,12,8,20
TurB10,B10,B,Tur,13,8,20
TurB10,B10,B,Tur,14,8,20
TurB10,B10,B,Tur,0,10,0
TurB2,B2,B,Tur,1,7,30
TurB2,B2,B,Tur,2,7,30
TurB2,B2,B,Tur,3,7,30
TurB2,B2,B,Tur,4,7,30
TurB2,B2,B,Tur,5,7,30
TurB2,B2,B,Tur,6,7,30
TurB2,B2,B,Tur,7,7,30
TurB2,B2,B,Tur,8,7,30
TurB2,B2,B,Tur,9,7,30
TurB2,B2,B,Tur,10,7,30
TurB2,B2,B,Tur,11,7,30
TurB2,B2,B,Tur,12,7,30
TurB2,B2,B,Tur,13,6,40
TurB2,B2,B,Tur,14,6,40
TurB2,B2,B,Tur,0,10,0
TurB3,B3,B,Tur,1,10,0
TurB3,B3,B,Tur,2,10,0
TurB3,B3,B,Tur,3,10,0
TurB3,B3,B,Tur,4,10,0
TurB3,B3,B,Tur,5,10,0
TurB3,B3,B,Tur,6,10,0
TurB3,B3,B,Tur,7,10,0
TurB3,B3,B,Tur,8,10,0
TurB3,B3,B,Tur,9,10,0
TurB3,B3,B,Tur,10,10,0
TurB3,B3,B,Tur,11,9,10
TurB3,B3,B,Tur,12,8,20
TurB3,B3,B,Tur,13,8,20
TurB3,B3,B,Tur,14,8,20
TurB3,B3,B,Tur,0,10,0
TurB4,B4,B,Tur,1,8,20
TurB4,B4,B,Tur,2,8,20
TurB4,B4,B,Tur,3,8,20
TurB4,B4,B,Tur,4,8,20
TurB4,B4,B,Tur,5,8,20
TurB4,B4,B,Tur,6,8,20
TurB4,B4,B,Tur,7,8,20
TurB4,B4,B,Tur,8,8,20
TurB4,B4,B,Tur,9,7,30
TurB4,B4,B,Tur,10,7,30
TurB4,B4,B,Tur,11,7,30
TurB4,B4,B,Tur,12,7,30
TurB4,B4,B,Tur,13,7,30
TurB4,B4,B,Tur,14,7,30
TurB4,B4,B,Tur,0,10,0
TurB5,B5,B,Tur,1,9,10
TurB5,B5,B,Tur,2,9,10
TurB5,B5,B,Tur,3,9,10
TurB5,B5,B,Tur,4,9,10
TurB5,B5,B,Tur,5,9,10
TurB5,B5,B,Tur,6,9,10
TurB5,B5,B,Tur,7,9,10
TurB5,B5,B,Tur,8,9,10
TurB5,B5,B,Tur,9,9,10
TurB5,B5,B,Tur,10,9,10
TurB5,B5,B,Tur,11,9,10
TurB5,B5,B,Tur,12,9,10
TurB5,B5,B,Tur,13,9,10
TurB5,B5,B,Tur,14,9,10
TurB5,B5,B,Tur,0,10,0
TurB6,B6,B,Tur,1,10,0
TurB6,B6,B,Tur,2,10,0
TurB6,B6,B,Tur,3,10,0
TurB6,B6,B,Tur,4,10,0
TurB6,B6,B,Tur,5,10,0
TurB6,B6,B,Tur,6,10,0
TurB6,B6,B,Tur,7,10,0
TurB6,B6,B,Tur,8,10,0
TurB6,B6,B,Tur,9,10,0
TurB6,B6,B,Tur,10,10,0
TurB6,B6,B,Tur,11,10,0
TurB6,B6,B,Tur,12,10,0
TurB6,B6,B,Tur,13,10,0
TurB6,B6,B,Tur,14,10,0
TurB6,B6,B,Tur,0,10,0
TurB7,B7,B,Tur,1,10,0
TurB7,B7,B,Tur,2,10,0
TurB7,B7,B,Tur,3,10,0
TurB7,B7,B,Tur,4,10,0
TurB7,B7,B,Tur,5,10,0
TurB7,B7,B,Tur,6,10,0
TurB7,B7,B,Tur,7,10,0
TurB7,B7,B,Tur,8,10,0
TurB7,B7,B,Tur,9,10,0
TurB7,B7,B,Tur,10,10,0
TurB7,B7,B,Tur,11,10,0
TurB7,B7,B,Tur,12,10,0
TurB7,B7,B,Tur,13,9,10
TurB7,B7,B,Tur,14,9,10
TurB7,B7,B,Tur,0,10,0
TurB8,B8,B,Tur,1,10,0
TurB8,B8,B,Tur,2,10,0
TurB8,B8,B,Tur,3,10,0
TurB8,B8,B,Tur,4,10,0
TurB8,B8,B,Tur,5,10,0
TurB8,B8,B,Tur,6,10,0
TurB8,B8,B,Tur,7,10,0
TurB8,B8,B,Tur,8,10,0
TurB8,B8,B,Tur,9,10,0
TurB8,B8,B,Tur,10,10,0
TurB8,B8,B,Tur,11,10,0
TurB8,B8,B,Tur,12,9,10
TurB8,B8,B,Tur,13,9,10
TurB8,B8,B,Tur,14,9,10
TurB8,B8,B,Tur,0,10,0
TurB9,B9,B,Tur,1,10,0
TurB9,B9,B,Tur,2,10,0
TurB9,B9,B,Tur,3,10,0
TurB9,B9,B,Tur,4,10,0
TurB9,B9,B,Tur,5,10,0
TurB9,B9,B,Tur,6,10,0
TurB9,B9,B,Tur,7,10,0
TurB9,B9,B,Tur,8,10,0
TurB9,B9,B,Tur,9,10,0
TurB9,B9,B,Tur,10,10,0
TurB9,B9,B,Tur,11,10,0
TurB9,B9,B,Tur,12,10,0
TurB9,B9,B,Tur,13,10,0
TurB9,B9,B,Tur,14,10,0
TurB9,B9,B,Tur,0,10,0
TurC1,B1,C,Tur,1,10,0
TurC1,B1,C,Tur,2,10,0
TurC1,B1,C,Tur,3,10,0
TurC1,B1,C,Tur,4,10,0
TurC1,B1,C,Tur,5,10,0
TurC1,B1,C,Tur,6,10,0
TurC1,B1,C,Tur,7,10,0
TurC1,B1,C,Tur,8,10,0
TurC1,B1,C,Tur,9,10,0
TurC1,B1,C,Tur,10,10,0
TurC1,B1,C,Tur,11,10,0
TurC1,B1,C,Tur,12,10,0
TurC1,B1,C,Tur,13,10,0
TurC1,B1,C,Tur,14,10,0
TurC1,B1,C,Tur,0,10,0
TurC10,B10,C,Tur,1,10,0
TurC10,B10,C,Tur,2,9,10
TurC10,B10,C,Tur,3,9,10
TurC10,B10,C,Tur,4,9,10
TurC10,B10,C,Tur,5,9,10
TurC10,B10,C,Tur,6,9,10
TurC10,B10,C,Tur,7,9,10
TurC10,B10,C,Tur,8,9,10
TurC10,B10,C,Tur,9,9,10
TurC10,B10,C,Tur,10,9,10
TurC10,B10,C,Tur,11,9,10
TurC10,B10,C,Tur,12,9,10
TurC10,B10,C,Tur,13,9,10
TurC10,B10,C,Tur,14,9,10
TurC10,B10,C,Tur,0,10,0
TurC2,B2,C,Tur,1,10,0
TurC2,B2,C,Tur,2,10,0
TurC2,B2,C,Tur,3,10,0
TurC2,B2,C,Tur,4,10,0
TurC2,B2,C,Tur,5,10,0
TurC2,B2,C,Tur,6,10,0
TurC2,B2,C,Tur,7,10,0
TurC2,B2,C,Tur,8,10,0
TurC2,B2,C,Tur,9,10,0
TurC2,B2,C,Tur,10,10,0
TurC2,B2,C,Tur,11,10,0
TurC2,B2,C,Tur,12,10,0
TurC2,B2,C,Tur,13,10,0
TurC2,B2,C,Tur,14,10,0
TurC2,B2,C,Tur,0,10,0
TurC3,B3,C,Tur,1,10,0
TurC3,B3,C,Tur,2,10,0
TurC3,B3,C,Tur,3,10,0
TurC3,B3,C,Tur,4,10,0
TurC3,B3,C,Tur,5,10,0
TurC3,B3,C,Tur,6,10,0
TurC3,B3,C,Tur,7,10,0
TurC3,B3,C,Tur,8,10,0
TurC3,B3,C,Tur,9,10,0
TurC3,B3,C,Tur,10,10,0
TurC3,B3,C,Tur,11,10,0
TurC3,B3,C,Tur,12,10,0
TurC3,B3,C,Tur,13,10,0
TurC3,B3,C,Tur,14,10,0
TurC3,B3,C,Tur,0,10,0
TurC4,B4,C,Tur,1,10,0
TurC4,B4,C,Tur,2,10,0
TurC4,B4,C,Tur,3,10,0
TurC4,B4,C,Tur,4,10,0
TurC4,B4,C,Tur,5,10,0
TurC4,B4,C,Tur,6,9,10
TurC4,B4,C,Tur,7,9,10
TurC4,B4,C,Tur,8,9,10
TurC4,B4,C,Tur,9,9,10
TurC4,B4,C,Tur,10,9,10
TurC4,B4,C,Tur,11,9,10
TurC4,B4,C,Tur,12,9,10
TurC4,B4,C,Tur,13,9,10
TurC4,B4,C,Tur,14,9,10
TurC4,B4,C,Tur,0,10,0
TurC5,B5,C,Tur,1,9,10
TurC5,B5,C,Tur,2,9,10
TurC5,B5,C,Tur,3,9,10
TurC5,B5,C,Tur,4,9,10
TurC5,B5,C,Tur,5,9,10
TurC5,B5,C,Tur,6,9,10
TurC5,B5,C,Tur,7,9,10
TurC5,B5,C,Tur,8,9,10
TurC5,B5,C,Tur,9,9,10
TurC5,B5,C,Tur,10,9,10
TurC5,B5,C,Tur,11,9,10
TurC5,B5,C,Tur,12,9,10
TurC5,B5,C,Tur,13,9,10
TurC5,B5,C,Tur,14,9,10
TurC5,B5,C,Tur,0,10,0
TurC6,B6,C,Tur,1,10,0
TurC6,B6,C,Tur,2,10,0
TurC6,B6,C,Tur,3,10,0
TurC6,B6,C,Tur,4,10,0
TurC6,B6,C,Tur,5,10,0
TurC6,B6,C,Tur,6,10,0
TurC6,B6,C,Tur,7,10,0
TurC6,B6,C,Tur,8,10,0
TurC6,B6,C,Tur,9,10,0
TurC6,B6,C,Tur,10,10,0
TurC6,B6,C,Tur,11,10,0
TurC6,B6,C,Tur,12,10,0
TurC6,B6,C,Tur,13,10,0
TurC6,B6,C,Tur,14,10,0
TurC6,B6,C,Tur,0,10,0
TurC7,B7,C,Tur,1,10,0
TurC7,B7,C,Tur,2,10,0
TurC7,B7,C,Tur,3,10,0
TurC7,B7,C,Tur,4,10,0
TurC7,B7,C,Tur,5,10,0
TurC7,B7,C,Tur,6,10,0
TurC7,B7,C,Tur,7,10,0
TurC7,B7,C,Tur,8,10,0
TurC7,B7,C,Tur,9,10,0
TurC7,B7,C,Tur,10,10,0
TurC7,B7,C,Tur,11,10,0
TurC7,B7,C,Tur,12,10,0
TurC7,B7,C,Tur,13,10,0
TurC7,B7,C,Tur,14,10,0
TurC7,B7,C,Tur,0,10,0
TurC8,B8,C,Tur,1,10,0
TurC8,B8,C,Tur,2,10,0
TurC8,B8,C,Tur,3,10,0
TurC8,B8,C,Tur,4,10,0
TurC8,B8,C,Tur,5,10,0
TurC8,B8,C,Tur,6,10,0
TurC8,B8,C,Tur,7,10,0
TurC8,B8,C,Tur,8,10,0
TurC8,B8,C,Tur,9,10,0
TurC8,B8,C,Tur,10,10,0
TurC8,B8,C,Tur,11,10,0
TurC8,B8,C,Tur,12,10,0
TurC8,B8,C,Tur,13,10,0
TurC8,B8,C,Tur,14,10,0
TurC8,B8,C,Tur,0,10,0
TurC9,B9,C,Tur,1,10,0
TurC9,B9,C,Tur,2,10,0
TurC9,B9,C,Tur,3,9,10
TurC9,B9,C,Tur,4,9,10
TurC9,B9,C,Tur,5,9,10
TurC9,B9,C,Tur,6,9,10
TurC9,B9,C,Tur,7,9,10
TurC9,B9,C,Tur,8,9,10
TurC9,B9,C,Tur,9,9,10
TurC9,B9,C,Tur,10,9,10
TurC9,B9,C,Tur,11,8,20
TurC9,B9,C,Tur,12,8,20
TurC9,B9,C,Tur,13,8,20
TurC9,B9,C,Tur,14,8,20
TurC9,B9,C,Tur,0,10,0
WorB1,B1,B,Wor,1,9,10
WorB1,B1,B,Wor,2,9,10
WorB1,B1,B,Wor,3,9,10
WorB1,B1,B,Wor,4,9,10
WorB1,B1,B,Wor,5,9,10
WorB1,B1,B,Wor,6,9,10
WorB1,B1,B,Wor,7,9,10
WorB1,B1,B,Wor,8,9,10
WorB1,B1,B,Wor,9,9,10
WorB1,B1,B,Wor,10,9,10
WorB1,B1,B,Wor,11,9,10
WorB1,B1,B,Wor,12,9,10
WorB1,B1,B,Wor,13,9,10
WorB1,B1,B,Wor,14,8,20
WorB1,B1,B,Wor,0,10,0
WorB10,B10,B,Wor,1,9,10
WorB10,B10,B,Wor,2,9,10
WorB10,B10,B,Wor,3,8,20
WorB10,B10,B,Wor,4,8,20
WorB10,B10,B,Wor,5,8,20
WorB10,B10,B,Wor,6,8,20
WorB10,B10,B,Wor,7,8,20
WorB10,B10,B,Wor,8,8,20
WorB10,B10,B,Wor,9,8,20
WorB10,B10,B,Wor,10,8,20
WorB10,B10,B,Wor,11,8,20
WorB10,B10,B,Wor,12,8,20
WorB10,B10,B,Wor,13,8,20
WorB10,B10,B,Wor,14,8,20
WorB10,B10,B,Wor,0,10,0
WorB2,B2,B,Wor,1,7,30
WorB2,B2,B,Wor,2,7,30
WorB2,B2,B,Wor,3,7,30
WorB2,B2,B,Wor,4,7,30
WorB2,B2,B,Wor,5,7,30
WorB2,B2,B,Wor,6,7,30
WorB2,B2,B,Wor,7,7,30
WorB2,B2,B,Wor,8,7,30
WorB2,B2,B,Wor,9,7,30
WorB2,B2,B,Wor,10,7,30
WorB2,B2,B,Wor,11,7,30
WorB2,B2,B,Wor,12,7,30
WorB2,B2,B,Wor,13,7,30
WorB2,B2,B,Wor,14,7,30
WorB2,B2,B,Wor,0,10,0
WorB3,B3,B,Wor,1,10,0
WorB3,B3,B,Wor,2,10,0
WorB3,B3,B,Wor,3,10,0
WorB3,B3,B,Wor,4,10,0
WorB3,B3,B,Wor,5,10,0
WorB3,B3,B,Wor,6,10,0
WorB3,B3,B,Wor,7,10,0
WorB3,B3,B,Wor,8,10,0
WorB3,B3,B,Wor,9,10,0
WorB3,B3,B,Wor,10,10,0
WorB3,B3,B,Wor,11,10,0
WorB3,B3,B,Wor,12,10,0
WorB3,B3,B,Wor,13,10,0
WorB3,B3,B,Wor,14,10,0
WorB3,B3,B,Wor,0,10,0
WorB4,B4,B,Wor,1,9,10
WorB4,B4,B,Wor,2,9,10
WorB4,B4,B,Wor,3,9,10
WorB4,B4,B,Wor,4,9,10
WorB4,B4,B,Wor,5,9,10
WorB4,B4,B,Wor,6,9,10
WorB4,B4,B,Wor,7,8,20
WorB4,B4,B,Wor,8,8,20
WorB4,B4,B,Wor,9,8,20
WorB4,B4,B,Wor,10,8,20
WorB4,B4,B,Wor,11,8,20
WorB4,B4,B,Wor,12,8,20
WorB4,B4,B,Wor,13,8,20
WorB4,B4,B,Wor,14,8,20
WorB4,B4,B,Wor,0,10,0
WorB5,B5,B,Wor,1,10,0
WorB5,B5,B,Wor,2,10,0
WorB5,B5,B,Wor,3,10,0
WorB5,B5,B,Wor,4,10,0
WorB5,B5,B,Wor,5,10,0
WorB5,B5,B,Wor,6,10,0
WorB5,B5,B,Wor,7,10,0
WorB5,B5,B,Wor,8,10,0
WorB5,B5,B,Wor,9,10,0
WorB5,B5,B,Wor,10,10,0
WorB5,B5,B,Wor,11,10,0
WorB5,B5,B,Wor,12,10,0
WorB5,B5,B,Wor,13,10,0
WorB5,B5,B,Wor,14,10,0
WorB5,B5,B,Wor,0,10,0
WorB6,B6,B,Wor,1,9,10
WorB6,B6,B,Wor,2,9,10
WorB6,B6,B,Wor,3,9,10
WorB6,B6,B,Wor,4,9,10
WorB6,B6,B,Wor,5,9,10
WorB6,B6,B,Wor,6,9,10
WorB6,B6,B,Wor,7,9,10
WorB6,B6,B,Wor,8,9,10
WorB6,B6,B,Wor,9,9,10
WorB6,B6,B,Wor,10,9,10
WorB6,B6,B,Wor,11,9,10
WorB6,B6,B,Wor,12,8,20
WorB6,B6,B,Wor,13,8,20
WorB6,B6,B,Wor,14,8,20
WorB6,B6,B,Wor,0,10,0
WorB7,B7,B,Wor,1,10,0
WorB7,B7,B,Wor,2,10,0
WorB7,B7,B,Wor,3,10,0
WorB7,B7,B,Wor,4,10,0
WorB7,B7,B,Wor,5,10,0
WorB7,B7,B,Wor,6,9,10
WorB7,B7,B,Wor,7,9,10
WorB7,B7,B,Wor,8,7,30
WorB7,B7,B,Wor,9,6,40
WorB7,B7,B,Wor,10,6,40
WorB7,B7,B,Wor,11,6,40
WorB7,B7,B,Wor,12,6,40
WorB7,B7,B,Wor,13,6,40
WorB7,B7,B,Wor,14,6,40
WorB7,B7,B,Wor,0,10,0
WorB8,B8,B,Wor,1,10,0
WorB8,B8,B,Wor,2,9,10
WorB8,B8,B,Wor,3,9,10
WorB8,B8,B,Wor,4,9,10
WorB8,B8,B,Wor,5,9,10
WorB8,B8,B,Wor,6,9,10
WorB8,B8,B,Wor,7,9,10
WorB8,B8,B,Wor,8,9,10
WorB8,B8,B,Wor,9,9,10
WorB8,B8,B,Wor,10,9,10
WorB8,B8,B,Wor,11,9,10
WorB8,B8,B,Wor,12,9,10
WorB8,B8,B,Wor,13,9,10
WorB8,B8,B,Wor,14,9,10
WorB8,B8,B,Wor,0,10,0
WorB9,B9,B,Wor,1,10,0
WorB9,B9,B,Wor,2,10,0
WorB9,B9,B,Wor,3,10,0
WorB9,B9,B,Wor,4,9,10
WorB9,B9,B,Wor,5,9,10
WorB9,B9,B,Wor,6,9,10
WorB9,B9,B,Wor,7,9,10
WorB9,B9,B,Wor,8,9,10
WorB9,B9,B,Wor,9,8,20
WorB9,B9,B,Wor,10,8,20
WorB9,B9,B,Wor,11,8,20
WorB9,B9,B,Wor,12,8,20
WorB9,B9,B,Wor,13,8,20
WorB9,B9,B,Wor,14,8,20
WorB9,B9,B,Wor,0,10,0
WorC1,B1,C,Wor,1,10,0
WorC1,B1,C,Wor,2,10,0
WorC1,B1,C,Wor,3,10,0
WorC1,B1,C,Wor,4,10,0
WorC1,B1,C,Wor,5,10,0
WorC1,B1,C,Wor,6,10,0
WorC1,B1,C,Wor,7,10,0
WorC1,B1,C,Wor,8,10,0
WorC1,B1,C,Wor,9,10,0
WorC1,B1,C,Wor,10,10,0
WorC1,B1,C,Wor,11,10,0
WorC1,B1,C,Wor,12,10,0
WorC1,B1,C,Wor,13,10,0
WorC1,B1,C,Wor,14,10,0
WorC1,B1,C,Wor,0,10,0
WorC10,B10,C,Wor,1,10,0
WorC10,B10,C,Wor,2,10,0
WorC10,B10,C,Wor,3,10,0
WorC10,B10,C,Wor,4,10,0
WorC10,B10,C,Wor,5,10,0
WorC10,B10,C,Wor,6,10,0
WorC10,B10,C,Wor,7,10,0
WorC10,B10,C,Wor,8,10,0
WorC10,B10,C,Wor,9,10,0
WorC10,B10,C,Wor,10,10,0
WorC10,B10,C,Wor,11,10,0
WorC10,B10,C,Wor,12,10,0
WorC10,B10,C,Wor,13,10,0
WorC10,B10,C,Wor,14,10,0
WorC10,B10,C,Wor,0,10,0
WorC2,B2,C,Wor,1,10,0
WorC2,B2,C,Wor,2,10,0
WorC2,B2,C,Wor,3,10,0
WorC2,B2,C,Wor,4,10,0
WorC2,B2,C,Wor,5,10,0
WorC2,B2,C,Wor,6,10,0
WorC2,B2,C,Wor,7,10,0
WorC2,B2,C,Wor,8,10,0
WorC2,B2,C,Wor,9,10,0
WorC2,B2,C,Wor,10,10,0
WorC2,B2,C,Wor,11,10,0
WorC2,B2,C,Wor,12,10,0
WorC2,B2,C,Wor,13,10,0
WorC2,B2,C,Wor,14,10,0
WorC2,B2,C,Wor,0,10,0
WorC3,B3,C,Wor,1,10,0
WorC3,B3,C,Wor,2,10,0
WorC3,B3,C,Wor,3,10,0
WorC3,B3,C,Wor,4,10,0
WorC3,B3,C,Wor,5,10,0
WorC3,B3,C,Wor,6,10,0
WorC3,B3,C,Wor,7,10,0
WorC3,B3,C,Wor,8,10,0
WorC3,B3,C,Wor,9,10,0
WorC3,B3,C,Wor,10,10,0
WorC3,B3,C,Wor,11,10,0
WorC3,B3,C,Wor,12,10,0
WorC3,B3,C,Wor,13,10,0
WorC3,B3,C,Wor,14,10,0
WorC3,B3,C,Wor,0,10,0
WorC4,B4,C,Wor,1,10,0
WorC4,B4,C,Wor,2,10,0
WorC4,B4,C,Wor,3,10,0
WorC4,B4,C,Wor,4,10,0
WorC4,B4,C,Wor,5,10,0
WorC4,B4,C,Wor,6,10,0
WorC4,B4,C,Wor,7,10,0
WorC4,B4,C,Wor,8,10,0
WorC4,B4,C,Wor,9,10,0
WorC4,B4,C,Wor,10,10,0
WorC4,B4,C,Wor,11,10,0
WorC4,B4,C,Wor,12,10,0
WorC4,B4,C,Wor,13,10,0
WorC4,B4,C,Wor,14,10,0
WorC4,B4,C,Wor,0,10,0
WorC5,B5,C,Wor,1,10,0
WorC5,B5,C,Wor,2,10,0
WorC5,B5,C,Wor,3,9,10
WorC5,B5,C,Wor,4,9,10
WorC5,B5,C,Wor,5,9,10
WorC5,B5,C,Wor,6,9,10
WorC5,B5,C,Wor,7,9,10
WorC5,B5,C,Wor,8,9,10
WorC5,B5,C,Wor,9,9,10
WorC5,B5,C,Wor,10,9,10
WorC5,B5,C,Wor,11,9,10
WorC5,B5,C,Wor,12,9,10
WorC5,B5,C,Wor,13,9,10
WorC5,B5,C,Wor,14,9,10
WorC5,B5,C,Wor,0,10,0
WorC6,B6,C,Wor,1,10,0
WorC6,B6,C,Wor,2,10,0
WorC6,B6,C,Wor,3,10,0
WorC6,B6,C,Wor,4,10,0
WorC6,B6,C,Wor,5,10,0
WorC6,B6,C,Wor,6,10,0
WorC6,B6,C,Wor,7,10,0
WorC6,B6,C,Wor,8,10,0
WorC6,B6,C,Wor,9,10,0
WorC6,B6,C,Wor,10,10,0
WorC6,B6,C,Wor,11,10,0
WorC6,B6,C,Wor,12,10,0
WorC6,B6,C,Wor,13,10,0
WorC6,B6,C,Wor,14,10,0
WorC6,B6,C,Wor,0,10,0
WorC7,B7,C,Wor,1,10,0
WorC7,B7,C,Wor,2,10,0
WorC7,B7,C,Wor,3,10,0
WorC7,B7,C,Wor,4,10,0
WorC7,B7,C,Wor,5,10,0
WorC7,B7,C,Wor,6,10,0
WorC7,B7,C,Wor,7,10,0
WorC7,B7,C,Wor,8,10,0
WorC7,B7,C,Wor,9,10,0
WorC7,B7,C,Wor,10,10,0
WorC7,B7,C,Wor,11,10,0
WorC7,B7,C,Wor,12,10,0
WorC7,B7,C,Wor,13,10,0
WorC7,B7,C,Wor,14,10,0
WorC7,B7,C,Wor,0,10,0
WorC8,B8,C,Wor,1,10,0
WorC8,B8,C,Wor,2,10,0
WorC8,B8,C,Wor,3,10,0
WorC8,B8,C,Wor,4,10,0
WorC8,B8,C,Wor,5,10,0
WorC8,B8,C,Wor,6,10,0
WorC8,B8,C,Wor,7,10,0
WorC8,B8,C,Wor,8,10,0
WorC8,B8,C,Wor,9,10,0
WorC8,B8,C,Wor,10,10,0
WorC8,B8,C,Wor,11,10,0
WorC8,B8,C,Wor,12,10,0
WorC8,B8,C,Wor,13,9,10
WorC8,B8,C,Wor,14,9,10
WorC8,B8,C,Wor,0,10,0
WorC9,B9,C,Wor,1,10,0
WorC9,B9,C,Wor,2,10,0
WorC9,B9,C,Wor,3,10,0
WorC9,B9,C,Wor,4,10,0
WorC9,B9,C,Wor,5,10,0
WorC9,B9,C,Wor,6,10,0
WorC9,B9,C,Wor,7,10,0
WorC9,B9,C,Wor,8,10,0
WorC9,B9,C,Wor,9,10,0
WorC9,B9,C,Wor,10,10,0
WorC9,B9,C,Wor,11,10,0
WorC9,B9,C,Wor,12,10,0
WorC9,B9,C,Wor,13,10,0
WorC9,B9,C,Wor,14,10,0
WorC9,B9,C,Wor,0,10,0
